Position,Name + ID,Name,ID,Roster Position,Salary,Game Info,TeamAbbrev,AvgPointsPerGame
RP,Framber Valdez (17266514),Framber Valdez,17266514,P,12000,SEA@HOU 04/26/2021 08:10PM ET,HOU,0
SP,Cristian Javier (17266515),Cristian Javier,17266515,P,11400,SEA@HOU 04/26/2021 08:10PM ET,HOU,22.12
SP,Justin Verlander (17266516),Justin Verlander,17266516,P,11200,SEA@HOU 04/26/2021 08:10PM ET,HOU,0
SP,Jose Urquidy (17266284),Jose Urquidy,17266284,P,11100,SEA@HOU 04/26/2021 08:10PM ET,HOU,11.46
SP,Zack Greinke (17266517),Zack Greinke,17266517,P,11000,SEA@HOU 04/26/2021 08:10PM ET,HOU,16.78
SP,Lance McCullers Jr. (17266518),Lance McCullers Jr.,17266518,P,10700,SEA@HOU 04/26/2021 08:10PM ET,HOU,13.66
SP,Shohei Ohtani (17266285),Shohei Ohtani,17266285,P,10600,LAA@TEX 04/26/2021 08:05PM ET,LAA,1.82
RP,Ryan Pressly (17266519),Ryan Pressly,17266519,P,10500,SEA@HOU 04/26/2021 08:10PM ET,HOU,5.38
SP,Dylan Bundy (17266520),Dylan Bundy,17266520,P,10400,LAA@TEX 04/26/2021 08:05PM ET,LAA,17.3
RP,Luis Garcia (17266521),Luis Garcia,17266521,P,10300,SEA@HOU 04/26/2021 08:10PM ET,HOU,9.94
SP,Alex Cobb (17266522),Alex Cobb,17266522,P,10200,LAA@TEX 04/26/2021 08:05PM ET,LAA,14.42
SP,Jake Odorizzi (17266523),Jake Odorizzi,17266523,P,10100,SEA@HOU 04/26/2021 08:10PM ET,HOU,4.73
RP,Brandon Bielak (17266524),Brandon Bielak,17266524,P,10000,SEA@HOU 04/26/2021 08:10PM ET,HOU,7.48
SP,Andrew Heaney (17266525),Andrew Heaney,17266525,P,9900,LAA@TEX 04/26/2021 08:05PM ET,LAA,19.12
SP,Dane Dunning (17266526),Dane Dunning,17266526,P,9800,LAA@TEX 04/26/2021 08:05PM ET,TEX,13.64
SP,Griffin Canning (17266527),Griffin Canning,17266527,P,9700,LAA@TEX 04/26/2021 08:05PM ET,LAA,7.64
SP,Josh James (17266528),Josh James,17266528,P,9600,SEA@HOU 04/26/2021 08:10PM ET,HOU,0
SP,Yusei Kikuchi (17266529),Yusei Kikuchi,17266529,P,9500,SEA@HOU 04/26/2021 08:10PM ET,SEA,10.86
SP,Jose Quintana (17266530),Jose Quintana,17266530,P,9400,LAA@TEX 04/26/2021 08:05PM ET,LAA,7.57
SP,Mike Foltynewicz (17266531),Mike Foltynewicz,17266531,P,9300,LAA@TEX 04/26/2021 08:05PM ET,TEX,12.82
SP,Brett Conine (17266532),Brett Conine,17266532,P,9200,SEA@HOU 04/26/2021 08:10PM ET,HOU,0
RP,Jordan Lyles (17266286),Jordan Lyles,17266286,P,9200,LAA@TEX 04/26/2021 08:05PM ET,TEX,12.75
OF,Mike Trout (17266288),Mike Trout,17266288,OF/UTIL,9200,LAA@TEX 04/26/2021 08:05PM ET,LAA,11.88
SP,James Paxton (17266533),James Paxton,17266533,P,9100,SEA@HOU 04/26/2021 08:10PM ET,SEA,4.4
SP,Kohei Arihara (17266534),Kohei Arihara,17266534,P,9000,LAA@TEX 04/26/2021 08:05PM ET,TEX,9.25
SP,Jairo Solis (17266535),Jairo Solis,17266535,P,8900,SEA@HOU 04/26/2021 08:10PM ET,HOU,0
SP,Justus Sheffield (17266287),Justus Sheffield,17266287,P,8800,SEA@HOU 04/26/2021 08:10PM ET,SEA,12.3
SP,Shawn Dubin (17266536),Shawn Dubin,17266536,P,8800,SEA@HOU 04/26/2021 08:10PM ET,HOU,0
SP,Kyle Gibson (17266537),Kyle Gibson,17266537,P,8700,LAA@TEX 04/26/2021 08:05PM ET,TEX,16.34
OF,Michael Brantley (17266290),Michael Brantley,17266290,OF/UTIL,8600,SEA@HOU 04/26/2021 08:10PM ET,HOU,8.33
SP,Jose Suarez (17266538),Jose Suarez,17266538,P,8600,LAA@TEX 04/26/2021 08:05PM ET,LAA,0
SP,Marco Gonzales (17266539),Marco Gonzales,17266539,P,8500,SEA@HOU 04/26/2021 08:10PM ET,SEA,10.91
SP,Chris Flexen (17266540),Chris Flexen,17266540,P,8400,SEA@HOU 04/26/2021 08:10PM ET,SEA,17.14
SS,Carlos Correa (17266292),Carlos Correa,17266292,INF/UTIL,8300,SEA@HOU 04/26/2021 08:10PM ET,HOU,8.25
SP,Austin Hansen (17266541),Austin Hansen,17266541,P,8300,SEA@HOU 04/26/2021 08:10PM ET,HOU,0
RP,Justin Dunn (17266542),Justin Dunn,17266542,P,8200,SEA@HOU 04/26/2021 08:10PM ET,SEA,13.27
SP,Jaime Barria (17266543),Jaime Barria,17266543,P,8100,LAA@TEX 04/26/2021 08:05PM ET,LAA,-15.5
OF,Yordan Alvarez (17266294),Yordan Alvarez,17266294,OF/UTIL,8000,SEA@HOU 04/26/2021 08:10PM ET,HOU,8.38
SP,Wes Benjamin (17266544),Wes Benjamin,17266544,P,8000,LAA@TEX 04/26/2021 08:05PM ET,TEX,3.58
SP,Kendall Graveman (17266545),Kendall Graveman,17266545,P,7900,SEA@HOU 04/26/2021 08:10PM ET,SEA,6.48
SP,Dillon Peters (17266546),Dillon Peters,17266546,P,7800,LAA@TEX 04/26/2021 08:05PM ET,LAA,0
2B,Jose Altuve (17266389),Jose Altuve,17266389,INF/UTIL,7700,SEA@HOU 04/26/2021 08:10PM ET,HOU,8.82
SP,Blake Taylor (17266547),Blake Taylor,17266547,P,7700,SEA@HOU 04/26/2021 08:10PM ET,HOU,0.86
SP,Kolby Allard (17266548),Kolby Allard,17266548,P,7600,LAA@TEX 04/26/2021 08:05PM ET,TEX,7.72
SP,Nick Margevicius (17266549),Nick Margevicius,17266549,P,7500,SEA@HOU 04/26/2021 08:10PM ET,SEA,3.28
SP,Patrick Sandoval (17266550),Patrick Sandoval,17266550,P,7400,LAA@TEX 04/26/2021 08:05PM ET,LAA,0
3B,Alex Bregman (17266296),Alex Bregman,17266296,INF/UTIL,7300,SEA@HOU 04/26/2021 08:10PM ET,HOU,8.73
SP,Chris Rodriguez (17266551),Chris Rodriguez,17266551,P,7300,LAA@TEX 04/26/2021 08:05PM ET,LAA,7.22
SP,Erik Swanson (17266552),Erik Swanson,17266552,P,7200,SEA@HOU 04/26/2021 08:10PM ET,SEA,5.9
SP,Aaron Slegers (17266553),Aaron Slegers,17266553,P,7100,LAA@TEX 04/26/2021 08:05PM ET,LAA,2.47
2B,Nick Solak (17266298),Nick Solak,17266298,INF/UTIL,7000,LAA@TEX 04/26/2021 08:05PM ET,TEX,8.86
SP,Junior Guerra (17266554),Junior Guerra,17266554,P,7000,LAA@TEX 04/26/2021 08:05PM ET,LAA,4.16
SP,Ljay Newsome (17266555),Ljay Newsome,17266555,P,6800,SEA@HOU 04/26/2021 08:10PM ET,SEA,10
SS,Isiah Kiner-Falefa (17266300),Isiah Kiner-Falefa,17266300,INF/UTIL,6800,LAA@TEX 04/26/2021 08:05PM ET,TEX,7.5
1B,Yuli Gurriel (17266302),Yuli Gurriel,17266302,INF/UTIL,6700,SEA@HOU 04/26/2021 08:10PM ET,HOU,9.19
3B,Anthony Rendon (17266391),Anthony Rendon,17266391,INF/UTIL,6600,LAA@TEX 04/26/2021 08:05PM ET,LAA,7.5
SP,Kyle Cody (17266556),Kyle Cody,17266556,P,6600,LAA@TEX 04/26/2021 08:05PM ET,TEX,2.99
3B,Kyle Seager (17266304),Kyle Seager,17266304,INF/UTIL,6500,SEA@HOU 04/26/2021 08:10PM ET,SEA,7.48
SP,Robert Dugger (17266557),Robert Dugger,17266557,P,6500,SEA@HOU 04/26/2021 08:10PM ET,SEA,0
1B/OF,Jared Walsh (17266306),Jared Walsh,17266306,OF/INF/UTIL,6400,LAA@TEX 04/26/2021 08:05PM ET,LAA,8.58
1B,Nate Lowe (17266309),Nate Lowe,17266309,INF/UTIL,6300,LAA@TEX 04/26/2021 08:05PM ET,TEX,8.82
C,Jason Castro (17266311),Jason Castro,17266311,INF/UTIL,6200,SEA@HOU 04/26/2021 08:10PM ET,HOU,8
OF,Adolis Garcia (17266313),Adolis Garcia,17266313,OF/UTIL,6100,LAA@TEX 04/26/2021 08:05PM ET,TEX,10.42
OF,Kyle Tucker (17266315),Kyle Tucker,17266315,OF/UTIL,6000,SEA@HOU 04/26/2021 08:10PM ET,HOU,6.81
C,Jonah Heim (17266317),Jonah Heim,17266317,INF/UTIL,5900,LAA@TEX 04/26/2021 08:05PM ET,TEX,5.86
OF,Mitch Haniger (17266319),Mitch Haniger,17266319,OF/UTIL,5800,SEA@HOU 04/26/2021 08:10PM ET,SEA,9.76
2B,Ty France (17266321),Ty France,17266321,INF/UTIL,5700,SEA@HOU 04/26/2021 08:10PM ET,SEA,8.76
2B/3B,Aledmys Diaz (17266323),Aledmys Diaz,17266323,INF/UTIL,5600,SEA@HOU 04/26/2021 08:10PM ET,HOU,6.07
OF,Joey Gallo (17266325),Joey Gallo,17266325,OF/UTIL,5500,LAA@TEX 04/26/2021 08:05PM ET,TEX,7
1B,Matt Thaiss (17266393),Matt Thaiss,17266393,INF/UTIL,5400,LAA@TEX 04/26/2021 08:05PM ET,LAA,0
OF,Khris Davis (17266395),Khris Davis,17266395,OF/UTIL,5300,LAA@TEX 04/26/2021 08:05PM ET,TEX,0
OF,Justin Upton (17266327),Justin Upton,17266327,OF/UTIL,5200,LAA@TEX 04/26/2021 08:05PM ET,LAA,7.56
1B,Albert Pujols (17266329),Albert Pujols,17266329,INF/UTIL,5100,LAA@TEX 04/26/2021 08:05PM ET,LAA,6.94
OF,Chas McCormick (17266331),Chas McCormick,17266331,OF/UTIL,5000,SEA@HOU 04/26/2021 08:10PM ET,HOU,4.82
RP,Andre Scrubb (17266562),Andre Scrubb,17266562,P,5000,SEA@HOU 04/26/2021 08:10PM ET,HOU,0
RP,Ryne Stanek (17266563),Ryne Stanek,17266563,P,5000,SEA@HOU 04/26/2021 08:10PM ET,HOU,4.50
RP,Wyatt Mills (17266564),Wyatt Mills,17266564,P,5000,SEA@HOU 04/26/2021 08:10PM ET,SEA,0
RP,Andres Munoz (17266565),Andres Munoz,17266565,P,5000,SEA@HOU 04/26/2021 08:10PM ET,SEA,0
RP,Pedro Baez (17266566),Pedro Baez,17266566,P,5000,SEA@HOU 04/26/2021 08:10PM ET,HOU,0
RP,Joe Smith (17266571),Joe Smith,17266571,P,5000,SEA@HOU 04/26/2021 08:10PM ET,HOU,-0.16
RP,Aaron Fletcher (17266573),Aaron Fletcher,17266573,P,5000,SEA@HOU 04/26/2021 08:10PM ET,SEA,0
RP,Tyler Ivey (17266574),Tyler Ivey,17266574,P,5000,SEA@HOU 04/26/2021 08:10PM ET,HOU,0
RP,Kent Emanuel (17266577),Kent Emanuel,17266577,P,5000,SEA@HOU 04/26/2021 08:10PM ET,HOU,25.9
RP,Jimmy Yacabonis (17266579),Jimmy Yacabonis,17266579,P,5000,SEA@HOU 04/26/2021 08:10PM ET,SEA,0
RP,Jojanse Torres (17266581),Jojanse Torres,17266581,P,5000,SEA@HOU 04/26/2021 08:10PM ET,HOU,0
RP,Ken Giles (17266582),Ken Giles,17266582,P,5000,SEA@HOU 04/26/2021 08:10PM ET,SEA,0
RP,Domingo Tapia (17266584),Domingo Tapia,17266584,P,5000,SEA@HOU 04/26/2021 08:10PM ET,SEA,0
RP,JT Chargois (17266585),JT Chargois,17266585,P,5000,SEA@HOU 04/26/2021 08:10PM ET,SEA,0
RP,Brandon Brennan (17266586),Brandon Brennan,17266586,P,5000,SEA@HOU 04/26/2021 08:10PM ET,SEA,0
RP,Rafael Montero (17266592),Rafael Montero,17266592,P,5000,SEA@HOU 04/26/2021 08:10PM ET,SEA,3.64
RP,Bryan Abreu (17266594),Bryan Abreu,17266594,P,5000,SEA@HOU 04/26/2021 08:10PM ET,HOU,2.91
RP,Francis Martes (17266597),Francis Martes,17266597,P,5000,SEA@HOU 04/26/2021 08:10PM ET,HOU,0
RP,Taylor Guerrieri (17266598),Taylor Guerrieri,17266598,P,5000,SEA@HOU 04/26/2021 08:10PM ET,SEA,0
SP,Anthony Misiewicz (17266599),Anthony Misiewicz,17266599,P,5000,SEA@HOU 04/26/2021 08:10PM ET,SEA,3.43
RP,Brooks Raley (17266600),Brooks Raley,17266600,P,5000,SEA@HOU 04/26/2021 08:10PM ET,HOU,1.64
RP,Drew Steckenrider (17266602),Drew Steckenrider,17266602,P,5000,SEA@HOU 04/26/2021 08:10PM ET,SEA,3.37
SP,Logan Gilbert (17266603),Logan Gilbert,17266603,P,5000,SEA@HOU 04/26/2021 08:10PM ET,SEA,0
RP,Blair Henley (17266608),Blair Henley,17266608,P,5000,SEA@HOU 04/26/2021 08:10PM ET,HOU,0
RP,Riley Ferrell (17266610),Riley Ferrell,17266610,P,5000,SEA@HOU 04/26/2021 08:10PM ET,HOU,0
RP,Yohan Ramirez (17266613),Yohan Ramirez,17266613,P,5000,SEA@HOU 04/26/2021 08:10PM ET,SEA,0
RP,Hector Velazquez (17266614),Hector Velazquez,17266614,P,5000,SEA@HOU 04/26/2021 08:10PM ET,HOU,0
RP,Brady Lail (17266615),Brady Lail,17266615,P,5000,SEA@HOU 04/26/2021 08:10PM ET,SEA,0
RP,Keynan Middleton (17266616),Keynan Middleton,17266616,P,5000,SEA@HOU 04/26/2021 08:10PM ET,SEA,2.74
RP,Hunter Brown (17266618),Hunter Brown,17266618,P,5000,SEA@HOU 04/26/2021 08:10PM ET,HOU,0
RP,Nivaldo Rodriguez (17266620),Nivaldo Rodriguez,17266620,P,5000,SEA@HOU 04/26/2021 08:10PM ET,HOU,8.95
RP,Jose Alberto Rivera (17266622),Jose Alberto Rivera,17266622,P,5000,SEA@HOU 04/26/2021 08:10PM ET,HOU,0
RP,Enoli Paredes (17266625),Enoli Paredes,17266625,P,5000,SEA@HOU 04/26/2021 08:10PM ET,HOU,0.73
RP,Ralph Garza Jr. (17266629),Ralph Garza Jr.,17266629,P,5000,SEA@HOU 04/26/2021 08:10PM ET,HOU,0
RP,Will Vest (17266632),Will Vest,17266632,P,5000,SEA@HOU 04/26/2021 08:10PM ET,SEA,3.58
RP,Joey Gerber (17266633),Joey Gerber,17266633,P,5000,SEA@HOU 04/26/2021 08:10PM ET,SEA,0
RP,Peter Solomon (17266637),Peter Solomon,17266637,P,5000,SEA@HOU 04/26/2021 08:10PM ET,HOU,3.65
RP,Casey Sadler (17266640),Casey Sadler,17266640,P,5000,SEA@HOU 04/26/2021 08:10PM ET,SEA,3.11
RP,Austin Pruitt (17266641),Austin Pruitt,17266641,P,5000,SEA@HOU 04/26/2021 08:10PM ET,HOU,0
RP,Paul Sewald (17266642),Paul Sewald,17266642,P,5000,SEA@HOU 04/26/2021 08:10PM ET,SEA,0
RP,Steve Cishek (17266558),Steve Cishek,17266558,P,5000,LAA@TEX 04/26/2021 08:05PM ET,LAA,1.42
RP,Thomas Pannone (17266559),Thomas Pannone,17266559,P,5000,LAA@TEX 04/26/2021 08:05PM ET,LAA,0
SP,Denny Brady (17266560),Denny Brady,17266560,P,5000,LAA@TEX 04/26/2021 08:05PM ET,LAA,0
RP,Jose Leclerc (17266561),Jose Leclerc,17266561,P,5000,LAA@TEX 04/26/2021 08:05PM ET,TEX,0
RP,Hunter Wood (17266567),Hunter Wood,17266567,P,5000,LAA@TEX 04/26/2021 08:05PM ET,TEX,0
SP,Hyeon-Jong Yang (17266568),Hyeon-Jong Yang,17266568,P,5000,LAA@TEX 04/26/2021 08:05PM ET,TEX,0
RP,Jonathan Hernandez (17266569),Jonathan Hernandez,17266569,P,5000,LAA@TEX 04/26/2021 08:05PM ET,TEX,0
RP,James Hoyt (17266570),James Hoyt,17266570,P,5000,LAA@TEX 04/26/2021 08:05PM ET,LAA,0
SP,Alex Speas (17266572),Alex Speas,17266572,P,5000,LAA@TEX 04/26/2021 08:05PM ET,TEX,0
RP,Drew Anderson (17266575),Drew Anderson,17266575,P,5000,LAA@TEX 04/26/2021 08:05PM ET,TEX,0
RP,Jimmy Herget (17266576),Jimmy Herget,17266576,P,5000,LAA@TEX 04/26/2021 08:05PM ET,TEX,0
RP,Noe Ramirez (17266578),Noe Ramirez,17266578,P,5000,LAA@TEX 04/26/2021 08:05PM ET,LAA,0
SP,Jharel Cotton (17266580),Jharel Cotton,17266580,P,5000,LAA@TEX 04/26/2021 08:05PM ET,TEX,0
RP,Nick Vincent (17266583),Nick Vincent,17266583,P,5000,LAA@TEX 04/26/2021 08:05PM ET,TEX,0
RP,Jake Reed (17266587),Jake Reed,17266587,P,5000,LAA@TEX 04/26/2021 08:05PM ET,LAA,0
RP,Josh Sborz (17266588),Josh Sborz,17266588,P,5000,LAA@TEX 04/26/2021 08:05PM ET,TEX,2.34
SP,Hans Crouse (17266589),Hans Crouse,17266589,P,5000,LAA@TEX 04/26/2021 08:05PM ET,TEX,0
RP,Ben Rowen (17266590),Ben Rowen,17266590,P,5000,LAA@TEX 04/26/2021 08:05PM ET,LAA,3.01
RP,Tony Watson (17266591),Tony Watson,17266591,P,5000,LAA@TEX 04/26/2021 08:05PM ET,LAA,2.71
SP,Reid Detmers (17266593),Reid Detmers,17266593,P,5000,LAA@TEX 04/26/2021 08:05PM ET,LAA,0
RP,Alex Claudio (17266595),Alex Claudio,17266595,P,5000,LAA@TEX 04/26/2021 08:05PM ET,LAA,2.06
RP,Luis Ortiz (17266596),Luis Ortiz,17266596,P,5000,LAA@TEX 04/26/2021 08:05PM ET,TEX,0
SP,Ian Kennedy (17266601),Ian Kennedy,17266601,P,5000,LAA@TEX 04/26/2021 08:05PM ET,TEX,3.58
RP,Gerardo Reyes (17266604),Gerardo Reyes,17266604,P,5000,LAA@TEX 04/26/2021 08:05PM ET,LAA,0
RP,Felix Pena (17266605),Felix Pena,17266605,P,5000,LAA@TEX 04/26/2021 08:05PM ET,LAA,0
RP,Joely Rodriguez (17266606),Joely Rodriguez,17266606,P,5000,LAA@TEX 04/26/2021 08:05PM ET,TEX,3.4
RP,Taylor Hearn (17266607),Taylor Hearn,17266607,P,5000,LAA@TEX 04/26/2021 08:05PM ET,TEX,3.63
RP,Raisel Iglesias (17266609),Raisel Iglesias,17266609,P,5000,LAA@TEX 04/26/2021 08:05PM ET,LAA,2.98
RP,Hector Yan (17266611),Hector Yan,17266611,P,5000,LAA@TEX 04/26/2021 08:05PM ET,LAA,0
RP,Luke Bard (17266612),Luke Bard,17266612,P,5000,LAA@TEX 04/26/2021 08:05PM ET,LAA,0
RP,John King (17266617),John King,17266617,P,5000,LAA@TEX 04/26/2021 08:05PM ET,TEX,4.15
RP,Jose Quijada (17266619),Jose Quijada,17266619,P,5000,LAA@TEX 04/26/2021 08:05PM ET,LAA,0
RP,Joe Palumbo (17266621),Joe Palumbo,17266621,P,5000,LAA@TEX 04/26/2021 08:05PM ET,TEX,0
RP,Brett de Geus (17266623),Brett de Geus,17266623,P,5000,LAA@TEX 04/26/2021 08:05PM ET,TEX,1.54
SP,Jake Faria (17266624),Jake Faria,17266624,P,5000,LAA@TEX 04/26/2021 08:05PM ET,LAA,0
RP,Joe Gatto (17266626),Joe Gatto,17266626,P,5000,LAA@TEX 04/26/2021 08:05PM ET,TEX,0
RP,Brett Martin (17266627),Brett Martin,17266627,P,5000,LAA@TEX 04/26/2021 08:05PM ET,TEX,1.87
SP,Tyler Phillips (17266628),Tyler Phillips,17266628,P,5000,LAA@TEX 04/26/2021 08:05PM ET,TEX,0
SP,Sam Gaviglio (17266630),Sam Gaviglio,17266630,P,5000,LAA@TEX 04/26/2021 08:05PM ET,TEX,0
SP,Jason Bahr (17266631),Jason Bahr,17266631,P,5000,LAA@TEX 04/26/2021 08:05PM ET,TEX,0
RP,Matt Bush (17266634),Matt Bush,17266634,P,5000,LAA@TEX 04/26/2021 08:05PM ET,TEX,1.92
RP,Mike Mayers (17266635),Mike Mayers,17266635,P,5000,LAA@TEX 04/26/2021 08:05PM ET,LAA,3.82
SP,A.J. Alexy (17266636),A.J. Alexy,17266636,P,5000,LAA@TEX 04/26/2021 08:05PM ET,TEX,0
RP,Spencer Patton (17266638),Spencer Patton,17266638,P,5000,LAA@TEX 04/26/2021 08:05PM ET,TEX,0
RP,Yerry Rodriguez (17266639),Yerry Rodriguez,17266639,P,5000,LAA@TEX 04/26/2021 08:05PM ET,TEX,0
2B/OF,Dylan Moore (17266333),Dylan Moore,17266333,OF/INF/UTIL,4900,SEA@HOU 04/26/2021 08:10PM ET,SEA,5
OF,Taylor Trammell (17266338),Taylor Trammell,17266338,OF/UTIL,4800,SEA@HOU 04/26/2021 08:10PM ET,SEA,6.41
3B,Charlie Culberson (17266336),Charlie Culberson,17266336,INF/UTIL,4800,LAA@TEX 04/26/2021 08:05PM ET,TEX,5.46
OF,Kyle Lewis (17266342),Kyle Lewis,17266342,OF/UTIL,4700,SEA@HOU 04/26/2021 08:10PM ET,SEA,2.5
C,Jose Trevino (17266340),Jose Trevino,17266340,INF/UTIL,4700,LAA@TEX 04/26/2021 08:05PM ET,TEX,4.33
3B,Brock Holt (17266344),Brock Holt,17266344,INF/UTIL,4600,LAA@TEX 04/26/2021 08:05PM ET,TEX,4.73
3B/SS,Anderson Tejeda (17266397),Anderson Tejeda,17266397,INF/UTIL,4600,LAA@TEX 04/26/2021 08:05PM ET,TEX,2.4
C,Kurt Suzuki (17266346),Kurt Suzuki,17266346,INF/UTIL,4500,LAA@TEX 04/26/2021 08:05PM ET,LAA,4.73
OF,David Dahl (17266348),David Dahl,17266348,OF/UTIL,4500,LAA@TEX 04/26/2021 08:05PM ET,TEX,5.32
3B,Abraham Toro (17266352),Abraham Toro,17266352,INF/UTIL,4400,SEA@HOU 04/26/2021 08:10PM ET,HOU,0.83
2B,David Fletcher (17266350),David Fletcher,17266350,INF/UTIL,4400,LAA@TEX 04/26/2021 08:05PM ET,LAA,5.85
1B/OF,Jose Marmolejos (17266354),Jose Marmolejos,17266354,OF/INF/UTIL,4300,SEA@HOU 04/26/2021 08:10PM ET,SEA,5.87
C,Martin Maldonado (17266357),Martin Maldonado,17266357,INF/UTIL,4300,SEA@HOU 04/26/2021 08:10PM ET,HOU,2.21
1B,Evan White (17266359),Evan White,17266359,INF/UTIL,4200,SEA@HOU 04/26/2021 08:10PM ET,SEA,4.22
SS,Jose Iglesias (17266361),Jose Iglesias,17266361,INF/UTIL,4200,LAA@TEX 04/26/2021 08:05PM ET,LAA,5.3
C,Max Stassi (17266399),Max Stassi,17266399,INF/UTIL,4200,LAA@TEX 04/26/2021 08:05PM ET,LAA,5.57
C,Luis Torrens (17266363),Luis Torrens,17266363,INF/UTIL,4100,SEA@HOU 04/26/2021 08:10PM ET,SEA,2.76
2B,Alex De Goti (17266401),Alex De Goti,17266401,INF/UTIL,4100,SEA@HOU 04/26/2021 08:10PM ET,HOU,7
1B/OF,Ronald Guzman (17266403),Ronald Guzman,17266403,OF/INF/UTIL,4100,LAA@TEX 04/26/2021 08:05PM ET,TEX,2.29
OF,Sam Haggerty (17266365),Sam Haggerty,17266365,OF/UTIL,4000,SEA@HOU 04/26/2021 08:10PM ET,SEA,6.5
SS,J.P. Crawford (17266369),J.P. Crawford,17266369,INF/UTIL,4000,SEA@HOU 04/26/2021 08:10PM ET,SEA,4.76
OF,Willie Calhoun (17266367),Willie Calhoun,17266367,OF/UTIL,4000,LAA@TEX 04/26/2021 08:05PM ET,TEX,7.29
OF,Myles Straw (17266371),Myles Straw,17266371,OF/UTIL,3900,SEA@HOU 04/26/2021 08:10PM ET,HOU,5.65
3B,Jose Rojas (17266373),Jose Rojas,17266373,INF/UTIL,3900,LAA@TEX 04/26/2021 08:05PM ET,LAA,3.15
OF,Scott Schebler (17266375),Scott Schebler,17266375,OF/UTIL,3900,LAA@TEX 04/26/2021 08:05PM ET,LAA,3.14
C,Tom Murphy (17266377),Tom Murphy,17266377,INF/UTIL,3800,SEA@HOU 04/26/2021 08:10PM ET,SEA,2.33
1B/3B,Taylor Jones (17266406),Taylor Jones,17266406,INF/UTIL,3800,SEA@HOU 04/26/2021 08:10PM ET,HOU,7
C,Anthony Bemboom (17266379),Anthony Bemboom,17266379,INF/UTIL,3800,LAA@TEX 04/26/2021 08:05PM ET,LAA,3.2
2B/3B,Luis Rengifo (17266381),Luis Rengifo,17266381,INF/UTIL,3700,LAA@TEX 04/26/2021 08:05PM ET,LAA,1.75
OF,Eli White (17266383),Eli White,17266383,OF/UTIL,3700,LAA@TEX 04/26/2021 08:05PM ET,TEX,3.46
OF,Dexter Fowler (17266408),Dexter Fowler,17266408,OF/UTIL,3700,LAA@TEX 04/26/2021 08:05PM ET,LAA,4.29
OF,Taylor Ward (17266410),Taylor Ward,17266410,OF/UTIL,3700,LAA@TEX 04/26/2021 08:05PM ET,LAA,0
OF,Leody Taveras (17266385),Leody Taveras,17266385,OF/UTIL,3600,LAA@TEX 04/26/2021 08:05PM ET,TEX,2.4
C,Sam Huff (17266412),Sam Huff,17266412,INF/UTIL,3600,LAA@TEX 04/26/2021 08:05PM ET,TEX,0
OF,Delino DeShields (17266414),Delino DeShields,17266414,OF/UTIL,3600,LAA@TEX 04/26/2021 08:05PM ET,TEX,0
C,Drew Butera (17266416),Drew Butera,17266416,INF/UTIL,3600,LAA@TEX 04/26/2021 08:05PM ET,TEX,0
OF,Jason Martin (17266418),Jason Martin,17266418,OF/UTIL,3600,LAA@TEX 04/26/2021 08:05PM ET,TEX,0
OF,Ronnie Dawson (17266420),Ronnie Dawson,17266420,OF/UTIL,3500,SEA@HOU 04/26/2021 08:10PM ET,HOU,3
OF,Braden Bishop (17266426),Braden Bishop,17266426,OF/UTIL,3500,SEA@HOU 04/26/2021 08:10PM ET,SEA,0.71
2B/3B,Franklin Barreto (17266422),Franklin Barreto,17266422,INF/UTIL,3500,LAA@TEX 04/26/2021 08:05PM ET,LAA,0
OF,Jon Jay (17266424),Jon Jay,17266424,OF/UTIL,3500,LAA@TEX 04/26/2021 08:05PM ET,LAA,1.5
1B/C,John Hicks (17266428),John Hicks,17266428,INF/UTIL,3500,LAA@TEX 04/26/2021 08:05PM ET,TEX,0
OF,Jake Fraley (17266430),Jake Fraley,17266430,OF/UTIL,3400,SEA@HOU 04/26/2021 08:10PM ET,SEA,6.8
C,Korey Lee (17266434),Korey Lee,17266434,INF/UTIL,3400,SEA@HOU 04/26/2021 08:10PM ET,HOU,0
OF,Zach Daniels (17266436),Zach Daniels,17266436,OF/UTIL,3400,SEA@HOU 04/26/2021 08:10PM ET,HOU,0
2B,Freudis Nova (17266438),Freudis Nova,17266438,INF/UTIL,3400,SEA@HOU 04/26/2021 08:10PM ET,HOU,0
C,David Garcia (17266432),David Garcia,17266432,INF/UTIL,3400,LAA@TEX 04/26/2021 08:05PM ET,TEX,0
OF,Julio Rodriguez (17266440),Julio Rodriguez,17266440,OF/UTIL,3300,SEA@HOU 04/26/2021 08:10PM ET,SEA,0
OF,Jake Meyers (17266444),Jake Meyers,17266444,OF/UTIL,3300,SEA@HOU 04/26/2021 08:10PM ET,HOU,0
SS,Grae Kessinger (17266446),Grae Kessinger,17266446,INF/UTIL,3300,SEA@HOU 04/26/2021 08:10PM ET,HOU,0
3B,Davis Wendzel (17266442),Davis Wendzel,17266442,INF/UTIL,3300,LAA@TEX 04/26/2021 08:05PM ET,TEX,0
C,Jack Kruger (17266448),Jack Kruger,17266448,INF/UTIL,3300,LAA@TEX 04/26/2021 08:05PM ET,LAA,0
2B/3B,Robel Garcia (17266387),Robel Garcia,17266387,INF/UTIL,3200,SEA@HOU 04/26/2021 08:10PM ET,HOU,1.5
SS,Jeremy Pena (17266450),Jeremy Pena,17266450,INF/UTIL,3200,SEA@HOU 04/26/2021 08:10PM ET,HOU,0
2B,Justin Foscue (17266452),Justin Foscue,17266452,INF/UTIL,3200,LAA@TEX 04/26/2021 08:05PM ET,TEX,0
OF,Jordyn Adams (17266454),Jordyn Adams,17266454,OF/UTIL,3200,LAA@TEX 04/26/2021 08:05PM ET,LAA,0
3B,Jonathan Ornelas (17266456),Jonathan Ornelas,17266456,INF/UTIL,3200,LAA@TEX 04/26/2021 08:05PM ET,TEX,0
C,Michael Papierski (17266466),Michael Papierski,17266466,INF/UTIL,3100,SEA@HOU 04/26/2021 08:10PM ET,HOU,0
C,Colton Shaver (17266470),Colton Shaver,17266470,INF/UTIL,3100,SEA@HOU 04/26/2021 08:10PM ET,HOU,0
OF,Jarred Kelenic (17266472),Jarred Kelenic,17266472,OF/UTIL,3100,SEA@HOU 04/26/2021 08:10PM ET,SEA,0
OF,Brennon Lund (17266458),Brennon Lund,17266458,OF/UTIL,3100,LAA@TEX 04/26/2021 08:05PM ET,LAA,0
OF,Steele Walker (17266460),Steele Walker,17266460,OF/UTIL,3100,LAA@TEX 04/26/2021 08:05PM ET,TEX,0
2B,Kean Wong (17266462),Kean Wong,17266462,INF/UTIL,3100,LAA@TEX 04/26/2021 08:05PM ET,LAA,0
OF,Bubba Thompson (17266464),Bubba Thompson,17266464,OF/UTIL,3100,LAA@TEX 04/26/2021 08:05PM ET,TEX,0
OF,Brandon Marsh (17266468),Brandon Marsh,17266468,OF/UTIL,3100,LAA@TEX 04/26/2021 08:05PM ET,LAA,0
2B/SS,Donovan Walton (17266482),Donovan Walton,17266482,INF/UTIL,3000,SEA@HOU 04/26/2021 08:10PM ET,SEA,0
C,Garrett Stubbs (17266484),Garrett Stubbs,17266484,INF/UTIL,3000,SEA@HOU 04/26/2021 08:10PM ET,HOU,0
2B,Shed Long Jr. (17266486),Shed Long Jr.,17266486,INF/UTIL,3000,SEA@HOU 04/26/2021 08:10PM ET,SEA,0
C,Cal Raleigh (17266497),Cal Raleigh,17266497,INF/UTIL,3000,SEA@HOU 04/26/2021 08:10PM ET,SEA,0
1B/OF,Sam Travis (17266499),Sam Travis,17266499,OF/INF/UTIL,3000,SEA@HOU 04/26/2021 08:10PM ET,SEA,0
OF,Jose Siri (17266502),Jose Siri,17266502,OF/UTIL,3000,SEA@HOU 04/26/2021 08:10PM ET,HOU,0
OF,Colin Barber (17266504),Colin Barber,17266504,OF/UTIL,3000,SEA@HOU 04/26/2021 08:10PM ET,HOU,0
SS,Jack Reinheimer (17266506),Jack Reinheimer,17266506,INF/UTIL,3000,SEA@HOU 04/26/2021 08:10PM ET,SEA,0
C,Brian O'Keefe (17266508),Brian O'Keefe,17266508,INF/UTIL,3000,SEA@HOU 04/26/2021 08:10PM ET,SEA,0
C,Jose Godoy (17266510),Jose Godoy,17266510,INF/UTIL,3000,SEA@HOU 04/26/2021 08:10PM ET,SEA,0
2B,Andy Ibanez (17266474),Andy Ibanez,17266474,INF/UTIL,3000,LAA@TEX 04/26/2021 08:05PM ET,TEX,0
OF,Juan Lagares (17266476),Juan Lagares,17266476,OF/UTIL,3000,LAA@TEX 04/26/2021 08:05PM ET,LAA,0
SS,Livan Soto (17266478),Livan Soto,17266478,INF/UTIL,3000,LAA@TEX 04/26/2021 08:05PM ET,LAA,0
3B/SS,Jack Mayfield (17266480),Jack Mayfield,17266480,INF/UTIL,3000,LAA@TEX 04/26/2021 08:05PM ET,LAA,0
OF,Jo Adell (17266488),Jo Adell,17266488,OF/UTIL,3000,LAA@TEX 04/26/2021 08:05PM ET,LAA,0
2B/OF,Phil Gosselin (17266490),Phil Gosselin,17266490,OF/INF/UTIL,3000,LAA@TEX 04/26/2021 08:05PM ET,LAA,0
1B,Sherten Apostel (17266493),Sherten Apostel,17266493,INF/UTIL,3000,LAA@TEX 04/26/2021 08:05PM ET,TEX,0
3B,Josh Jung (17266495),Josh Jung,17266495,INF/UTIL,3000,LAA@TEX 04/26/2021 08:05PM ET,TEX,0
SS,Jeremiah Jackson (17266512),Jeremiah Jackson,17266512,INF/UTIL,3000,LAA@TEX 04/26/2021 08:05PM ET,LAA,0
