Date,AwayTeam,HomeTeam,Batter,HomeRun,BattingOrder,HomeOrAway
28-07-2020,Seattle Mariners,Los Angeles Angels,Shed Long,0.0,1,Away
28-07-2020,Seattle Mariners,Los Angeles Angels,Evan White,0.0,2,Away
28-07-2020,Seattle Mariners,Los Angeles Angels,Kyle Lewis,0.0,3,Away
28-07-2020,Seattle Mariners,Los Angeles Angels,Kyle Seager,0.0,4,Away
28-07-2020,Seattle Mariners,Los Angeles Angels,Tim Lopes,1.0,5,Away
28-07-2020,Seattle Mariners,Los Angeles Angels,J.P. Crawford,0.0,6,Away
28-07-2020,Seattle Mariners,Los Angeles Angels,Dylan Moore,0.0,7,Away
28-07-2020,Seattle Mariners,Los Angeles Angels,Mallex Smith,0.0,8,Away
28-07-2020,Seattle Mariners,Los Angeles Angels,Joseph Odom,0.0,9,Away
28-07-2020,Seattle Mariners,Los Angeles Angels,David Fletcher,0.0,1,Home
28-07-2020,Seattle Mariners,Los Angeles Angels,Mike Trout,0.0,2,Home
28-07-2020,Seattle Mariners,Los Angeles Angels,Anthony Rendon,1.0,3,Home
28-07-2020,Seattle Mariners,Los Angeles Angels,Justin Upton,0.0,4,Home
28-07-2020,Seattle Mariners,Los Angeles Angels,Shohei Ohtani,0.0,5,Home
28-07-2020,Seattle Mariners,Los Angeles Angels,Albert Pujols,1.0,6,Home
28-07-2020,Seattle Mariners,Los Angeles Angels,Tommy La Stella,0.0,7,Home
28-07-2020,Seattle Mariners,Los Angeles Angels,Max Stassi,1.0,8,Home
28-07-2020,Seattle Mariners,Los Angeles Angels,Taylor Ward,0.0,9,Home
29-07-2020,Seattle Mariners,Los Angeles Angels,J.P. Crawford,0.0,1,Away
29-07-2020,Seattle Mariners,Los Angeles Angels,Evan White,0.0,2,Away
29-07-2020,Seattle Mariners,Los Angeles Angels,Kyle Lewis,0.0,3,Away
29-07-2020,Seattle Mariners,Los Angeles Angels,Kyle Seager,0.0,4,Away
29-07-2020,Seattle Mariners,Los Angeles Angels,Tim Lopes,0.0,5,Away
29-07-2020,Seattle Mariners,Los Angeles Angels,Jose Marmolejos,0.0,6,Away
29-07-2020,Seattle Mariners,Los Angeles Angels,Dylan Moore,1.0,7,Away
29-07-2020,Seattle Mariners,Los Angeles Angels,Dee Strange-Gordon,0.0,8,Away
29-07-2020,Seattle Mariners,Los Angeles Angels,Joseph Odom,0.0,9,Away
29-07-2020,Seattle Mariners,Los Angeles Angels,David Fletcher,0.0,1,Home
29-07-2020,Seattle Mariners,Los Angeles Angels,Mike Trout,0.0,2,Home
29-07-2020,Seattle Mariners,Los Angeles Angels,Anthony Rendon,0.0,3,Home
29-07-2020,Seattle Mariners,Los Angeles Angels,Shohei Ohtani,1.0,4,Home
29-07-2020,Seattle Mariners,Los Angeles Angels,Justin Upton,1.0,5,Home
29-07-2020,Seattle Mariners,Los Angeles Angels,Tommy La Stella,0.0,6,Home
29-07-2020,Seattle Mariners,Los Angeles Angels,Jared Walsh,0.0,7,Home
29-07-2020,Seattle Mariners,Los Angeles Angels,Jason Castro,0.0,8,Home
29-07-2020,Seattle Mariners,Los Angeles Angels,Brian Goodwin,1.0,9,Home
30-07-2020,Seattle Mariners,Los Angeles Angels,J.P. Crawford,0.0,1,Away
30-07-2020,Seattle Mariners,Los Angeles Angels,Tim Lopes,0.0,2,Away
30-07-2020,Seattle Mariners,Los Angeles Angels,Kyle Lewis,0.0,3,Away
30-07-2020,Seattle Mariners,Los Angeles Angels,Kyle Seager,0.0,4,Away
30-07-2020,Seattle Mariners,Los Angeles Angels,Jose Marmolejos,1.0,5,Away
30-07-2020,Seattle Mariners,Los Angeles Angels,Shed Long,1.0,6,Away
30-07-2020,Seattle Mariners,Los Angeles Angels,Daniel Vogelbach,0.0,7,Away
30-07-2020,Seattle Mariners,Los Angeles Angels,Mallex Smith,0.0,8,Away
30-07-2020,Seattle Mariners,Los Angeles Angels,Joe Hudson,0.0,9,Away
30-07-2020,Seattle Mariners,Los Angeles Angels,David Fletcher,0.0,1,Home
30-07-2020,Seattle Mariners,Los Angeles Angels,Brian Goodwin,0.0,2,Home
30-07-2020,Seattle Mariners,Los Angeles Angels,Anthony Rendon,0.0,3,Home
30-07-2020,Seattle Mariners,Los Angeles Angels,Justin Upton,0.0,4,Home
30-07-2020,Seattle Mariners,Los Angeles Angels,Shohei Ohtani,1.0,5,Home
30-07-2020,Seattle Mariners,Los Angeles Angels,Albert Pujols,0.0,6,Home
30-07-2020,Seattle Mariners,Los Angeles Angels,Taylor Ward,0.0,7,Home
30-07-2020,Seattle Mariners,Los Angeles Angels,Max Stassi,1.0,8,Home
30-07-2020,Seattle Mariners,Los Angeles Angels,Luis Rengifo,0.0,9,Home
31-07-2020,Houston Astros,Los Angeles Angels,George Springer,0.0,1,Away
31-07-2020,Houston Astros,Los Angeles Angels,Jose Altuve,0.0,2,Away
31-07-2020,Houston Astros,Los Angeles Angels,Alex Bregman,0.0,3,Away
31-07-2020,Houston Astros,Los Angeles Angels,Michael Brantley,0.0,4,Away
31-07-2020,Houston Astros,Los Angeles Angels,Yuli Gurriel,0.0,5,Away
31-07-2020,Houston Astros,Los Angeles Angels,Carlos Correa,0.0,6,Away
31-07-2020,Houston Astros,Los Angeles Angels,Josh Reddick,0.0,7,Away
31-07-2020,Houston Astros,Los Angeles Angels,Kyle Tucker,0.0,8,Away
31-07-2020,Houston Astros,Los Angeles Angels,Martin Maldonado,0.0,9,Away
31-07-2020,Houston Astros,Los Angeles Angels,David Fletcher,0.0,1,Home
31-07-2020,Houston Astros,Los Angeles Angels,Brian Goodwin,1.0,2,Home
31-07-2020,Houston Astros,Los Angeles Angels,Anthony Rendon,0.0,3,Home
31-07-2020,Houston Astros,Los Angeles Angels,Shohei Ohtani,0.0,4,Home
31-07-2020,Houston Astros,Los Angeles Angels,Justin Upton,0.0,5,Home
31-07-2020,Houston Astros,Los Angeles Angels,Tommy La Stella,0.0,6,Home
31-07-2020,Houston Astros,Los Angeles Angels,Luis Rengifo,0.0,7,Home
31-07-2020,Houston Astros,Los Angeles Angels,Jason Castro,0.0,8,Home
31-07-2020,Houston Astros,Los Angeles Angels,Michael Hermosillo,0.0,9,Home
01-08-2020,Houston Astros,Los Angeles Angels,George Springer,1.0,1,Away
01-08-2020,Houston Astros,Los Angeles Angels,Jose Altuve,0.0,2,Away
01-08-2020,Houston Astros,Los Angeles Angels,Alex Bregman,0.0,3,Away
01-08-2020,Houston Astros,Los Angeles Angels,Kyle Tucker,0.0,4,Away
01-08-2020,Houston Astros,Los Angeles Angels,Yuli Gurriel,0.0,5,Away
01-08-2020,Houston Astros,Los Angeles Angels,Carlos Correa,0.0,6,Away
01-08-2020,Houston Astros,Los Angeles Angels,Josh Reddick,1.0,7,Away
01-08-2020,Houston Astros,Los Angeles Angels,Abraham Toro,0.0,8,Away
01-08-2020,Houston Astros,Los Angeles Angels,Martin Maldonado,0.0,9,Away
01-08-2020,Houston Astros,Los Angeles Angels,David Fletcher,0.0,1,Home
01-08-2020,Houston Astros,Los Angeles Angels,Brian Goodwin,0.0,2,Home
01-08-2020,Houston Astros,Los Angeles Angels,Anthony Rendon,0.0,3,Home
01-08-2020,Houston Astros,Los Angeles Angels,Justin Upton,0.0,4,Home
01-08-2020,Houston Astros,Los Angeles Angels,Albert Pujols,0.0,5,Home
01-08-2020,Houston Astros,Los Angeles Angels,Luis Rengifo,0.0,6,Home
01-08-2020,Houston Astros,Los Angeles Angels,Jason Castro,0.0,7,Home
01-08-2020,Houston Astros,Los Angeles Angels,Taylor Ward,0.0,8,Home
01-08-2020,Houston Astros,Los Angeles Angels,Matt Thaiss,0.0,9,Home
02-08-2020,Houston Astros,Los Angeles Angels,George Springer,0.0,1,Away
02-08-2020,Houston Astros,Los Angeles Angels,Jose Altuve,0.0,2,Away
02-08-2020,Houston Astros,Los Angeles Angels,Alex Bregman,1.0,3,Away
02-08-2020,Houston Astros,Los Angeles Angels,Michael Brantley,0.0,4,Away
02-08-2020,Houston Astros,Los Angeles Angels,Yuli Gurriel,0.0,5,Away
02-08-2020,Houston Astros,Los Angeles Angels,Josh Reddick,0.0,6,Away
02-08-2020,Houston Astros,Los Angeles Angels,Kyle Tucker,0.0,7,Away
02-08-2020,Houston Astros,Los Angeles Angels,Jack Mayfield,0.0,8,Away
02-08-2020,Houston Astros,Los Angeles Angels,Dustin Garneau,0.0,9,Away
02-08-2020,Houston Astros,Los Angeles Angels,David Fletcher,0.0,1,Home
02-08-2020,Houston Astros,Los Angeles Angels,Luis Rengifo,0.0,2,Home
02-08-2020,Houston Astros,Los Angeles Angels,Anthony Rendon,0.0,3,Home
02-08-2020,Houston Astros,Los Angeles Angels,Justin Upton,0.0,4,Home
02-08-2020,Houston Astros,Los Angeles Angels,Brian Goodwin,0.0,5,Home
02-08-2020,Houston Astros,Los Angeles Angels,Albert Pujols,1.0,6,Home
02-08-2020,Houston Astros,Los Angeles Angels,Taylor Ward,0.0,7,Home
02-08-2020,Houston Astros,Los Angeles Angels,Max Stassi,0.0,8,Home
02-08-2020,Houston Astros,Los Angeles Angels,Matt Thaiss,0.0,9,Home
10-08-2020,Oakland Athletics,Los Angeles Angels,Marcus Semien,0.0,1,Away
10-08-2020,Oakland Athletics,Los Angeles Angels,Ramon Laureano,0.0,2,Away
10-08-2020,Oakland Athletics,Los Angeles Angels,Matt Olson,0.0,3,Away
10-08-2020,Oakland Athletics,Los Angeles Angels,Matt Chapman,2.0,4,Away
10-08-2020,Oakland Athletics,Los Angeles Angels,Mark Canha,0.0,5,Away
10-08-2020,Oakland Athletics,Los Angeles Angels,Robbie Grossman,0.0,6,Away
10-08-2020,Oakland Athletics,Los Angeles Angels,Stephen Piscotty,0.0,7,Away
10-08-2020,Oakland Athletics,Los Angeles Angels,Chad Pinder,0.0,8,Away
10-08-2020,Oakland Athletics,Los Angeles Angels,Sean Murphy,0.0,9,Away
10-08-2020,Oakland Athletics,Los Angeles Angels,David Fletcher,0.0,1,Home
10-08-2020,Oakland Athletics,Los Angeles Angels,Tommy La Stella,0.0,2,Home
10-08-2020,Oakland Athletics,Los Angeles Angels,Mike Trout,2.0,3,Home
10-08-2020,Oakland Athletics,Los Angeles Angels,Anthony Rendon,1.0,4,Home
10-08-2020,Oakland Athletics,Los Angeles Angels,Shohei Ohtani,1.0,5,Home
10-08-2020,Oakland Athletics,Los Angeles Angels,Albert Pujols,0.0,6,Home
10-08-2020,Oakland Athletics,Los Angeles Angels,Justin Upton,0.0,7,Home
10-08-2020,Oakland Athletics,Los Angeles Angels,Max Stassi,0.0,8,Home
10-08-2020,Oakland Athletics,Los Angeles Angels,Jo Adell,0.0,9,Home
11-08-2020,Oakland Athletics,Los Angeles Angels,Marcus Semien,0.0,1,Away
11-08-2020,Oakland Athletics,Los Angeles Angels,Ramon Laureano,0.0,2,Away
11-08-2020,Oakland Athletics,Los Angeles Angels,Matt Olson,0.0,3,Away
11-08-2020,Oakland Athletics,Los Angeles Angels,Matt Chapman,0.0,4,Away
11-08-2020,Oakland Athletics,Los Angeles Angels,Mark Canha,0.0,5,Away
11-08-2020,Oakland Athletics,Los Angeles Angels,Robbie Grossman,0.0,6,Away
11-08-2020,Oakland Athletics,Los Angeles Angels,Khris Davis,0.0,7,Away
11-08-2020,Oakland Athletics,Los Angeles Angels,Tony Kemp,0.0,8,Away
11-08-2020,Oakland Athletics,Los Angeles Angels,Austin Allen,0.0,9,Away
11-08-2020,Oakland Athletics,Los Angeles Angels,David Fletcher,1.0,1,Home
11-08-2020,Oakland Athletics,Los Angeles Angels,Tommy La Stella,0.0,2,Home
11-08-2020,Oakland Athletics,Los Angeles Angels,Mike Trout,0.0,3,Home
11-08-2020,Oakland Athletics,Los Angeles Angels,Anthony Rendon,1.0,4,Home
11-08-2020,Oakland Athletics,Los Angeles Angels,Shohei Ohtani,0.0,5,Home
11-08-2020,Oakland Athletics,Los Angeles Angels,Albert Pujols,0.0,6,Home
11-08-2020,Oakland Athletics,Los Angeles Angels,Jason Castro,1.0,7,Home
11-08-2020,Oakland Athletics,Los Angeles Angels,Justin Upton,0.0,8,Home
11-08-2020,Oakland Athletics,Los Angeles Angels,Brian Goodwin,1.0,9,Home
12-08-2020,Oakland Athletics,Los Angeles Angels,Marcus Semien,0.0,1,Away
12-08-2020,Oakland Athletics,Los Angeles Angels,Ramon Laureano,0.0,2,Away
12-08-2020,Oakland Athletics,Los Angeles Angels,Matt Olson,1.0,3,Away
12-08-2020,Oakland Athletics,Los Angeles Angels,Matt Chapman,0.0,4,Away
12-08-2020,Oakland Athletics,Los Angeles Angels,Mark Canha,0.0,5,Away
12-08-2020,Oakland Athletics,Los Angeles Angels,Robbie Grossman,1.0,6,Away
12-08-2020,Oakland Athletics,Los Angeles Angels,Stephen Piscotty,1.0,7,Away
12-08-2020,Oakland Athletics,Los Angeles Angels,Tony Kemp,0.0,8,Away
12-08-2020,Oakland Athletics,Los Angeles Angels,Sean Murphy,0.0,9,Away
12-08-2020,Oakland Athletics,Los Angeles Angels,David Fletcher,0.0,1,Home
12-08-2020,Oakland Athletics,Los Angeles Angels,Tommy La Stella,0.0,2,Home
12-08-2020,Oakland Athletics,Los Angeles Angels,Mike Trout,1.0,3,Home
12-08-2020,Oakland Athletics,Los Angeles Angels,Anthony Rendon,1.0,4,Home
12-08-2020,Oakland Athletics,Los Angeles Angels,Shohei Ohtani,0.0,5,Home
12-08-2020,Oakland Athletics,Los Angeles Angels,Albert Pujols,0.0,6,Home
12-08-2020,Oakland Athletics,Los Angeles Angels,Jason Castro,0.0,7,Home
12-08-2020,Oakland Athletics,Los Angeles Angels,Jo Adell,0.0,8,Home
12-08-2020,Oakland Athletics,Los Angeles Angels,Brian Goodwin,0.0,9,Home
14-08-2020,Los Angeles Dodgers,Los Angeles Angels,Mookie Betts,0.0,1,Away
14-08-2020,Los Angeles Dodgers,Los Angeles Angels,Corey Seager,0.0,2,Away
14-08-2020,Los Angeles Dodgers,Los Angeles Angels,Justin Turner,0.0,3,Away
14-08-2020,Los Angeles Dodgers,Los Angeles Angels,AJ Pollock,0.0,4,Away
14-08-2020,Los Angeles Dodgers,Los Angeles Angels,Cody Bellinger,2.0,5,Away
14-08-2020,Los Angeles Dodgers,Los Angeles Angels,Chris Taylor,0.0,6,Away
14-08-2020,Los Angeles Dodgers,Los Angeles Angels,Enrique Hernandez,0.0,7,Away
14-08-2020,Los Angeles Dodgers,Los Angeles Angels,Edwin Rios,0.0,8,Away
14-08-2020,Los Angeles Dodgers,Los Angeles Angels,Austin Barnes,0.0,9,Away
14-08-2020,Los Angeles Dodgers,Los Angeles Angels,David Fletcher,0.0,1,Home
14-08-2020,Los Angeles Dodgers,Los Angeles Angels,Tommy La Stella,0.0,2,Home
14-08-2020,Los Angeles Dodgers,Los Angeles Angels,Mike Trout,0.0,3,Home
14-08-2020,Los Angeles Dodgers,Los Angeles Angels,Anthony Rendon,1.0,4,Home
14-08-2020,Los Angeles Dodgers,Los Angeles Angels,Shohei Ohtani,0.0,5,Home
14-08-2020,Los Angeles Dodgers,Los Angeles Angels,Albert Pujols,0.0,6,Home
14-08-2020,Los Angeles Dodgers,Los Angeles Angels,Justin Upton,0.0,7,Home
14-08-2020,Los Angeles Dodgers,Los Angeles Angels,Max Stassi,0.0,8,Home
14-08-2020,Los Angeles Dodgers,Los Angeles Angels,Jo Adell,0.0,9,Home
15-08-2020,Los Angeles Dodgers,Los Angeles Angels,Mookie Betts,1.0,1,Away
15-08-2020,Los Angeles Dodgers,Los Angeles Angels,Corey Seager,0.0,2,Away
15-08-2020,Los Angeles Dodgers,Los Angeles Angels,Justin Turner,0.0,3,Away
15-08-2020,Los Angeles Dodgers,Los Angeles Angels,AJ Pollock,0.0,4,Away
15-08-2020,Los Angeles Dodgers,Los Angeles Angels,Cody Bellinger,0.0,5,Away
15-08-2020,Los Angeles Dodgers,Los Angeles Angels,Chris Taylor,0.0,6,Away
15-08-2020,Los Angeles Dodgers,Los Angeles Angels,Max Muncy,0.0,7,Away
15-08-2020,Los Angeles Dodgers,Los Angeles Angels,Enrique Hernandez,0.0,8,Away
15-08-2020,Los Angeles Dodgers,Los Angeles Angels,Austin Barnes,0.0,9,Away
15-08-2020,Los Angeles Dodgers,Los Angeles Angels,David Fletcher,0.0,1,Home
15-08-2020,Los Angeles Dodgers,Los Angeles Angels,Tommy La Stella,0.0,2,Home
15-08-2020,Los Angeles Dodgers,Los Angeles Angels,Mike Trout,1.0,3,Home
15-08-2020,Los Angeles Dodgers,Los Angeles Angels,Anthony Rendon,0.0,4,Home
15-08-2020,Los Angeles Dodgers,Los Angeles Angels,Shohei Ohtani,0.0,5,Home
15-08-2020,Los Angeles Dodgers,Los Angeles Angels,Taylor Ward,0.0,6,Home
15-08-2020,Los Angeles Dodgers,Los Angeles Angels,Brian Goodwin,0.0,7,Home
15-08-2020,Los Angeles Dodgers,Los Angeles Angels,Max Stassi,0.0,8,Home
15-08-2020,Los Angeles Dodgers,Los Angeles Angels,Luis Rengifo,0.0,9,Home
16-08-2020,Los Angeles Dodgers,Los Angeles Angels,Mookie Betts,0.0,1,Away
16-08-2020,Los Angeles Dodgers,Los Angeles Angels,Corey Seager,1.0,2,Away
16-08-2020,Los Angeles Dodgers,Los Angeles Angels,Max Muncy,1.0,3,Away
16-08-2020,Los Angeles Dodgers,Los Angeles Angels,Cody Bellinger,0.0,4,Away
16-08-2020,Los Angeles Dodgers,Los Angeles Angels,Chris Taylor,0.0,5,Away
16-08-2020,Los Angeles Dodgers,Los Angeles Angels,Joc Pederson,0.0,6,Away
16-08-2020,Los Angeles Dodgers,Los Angeles Angels,Edwin Rios,0.0,7,Away
16-08-2020,Los Angeles Dodgers,Los Angeles Angels,Matt Beaty,1.0,8,Away
16-08-2020,Los Angeles Dodgers,Los Angeles Angels,Keibert Ruiz,1.0,9,Away
16-08-2020,Los Angeles Dodgers,Los Angeles Angels,David Fletcher,0.0,1,Home
16-08-2020,Los Angeles Dodgers,Los Angeles Angels,Tommy La Stella,0.0,2,Home
16-08-2020,Los Angeles Dodgers,Los Angeles Angels,Mike Trout,0.0,3,Home
16-08-2020,Los Angeles Dodgers,Los Angeles Angels,Anthony Rendon,1.0,4,Home
16-08-2020,Los Angeles Dodgers,Los Angeles Angels,Shohei Ohtani,0.0,5,Home
16-08-2020,Los Angeles Dodgers,Los Angeles Angels,Brian Goodwin,1.0,6,Home
16-08-2020,Los Angeles Dodgers,Los Angeles Angels,Jo Adell,0.0,7,Home
16-08-2020,Los Angeles Dodgers,Los Angeles Angels,Max Stassi,0.0,8,Home
16-08-2020,Los Angeles Dodgers,Los Angeles Angels,Luis Rengifo,0.0,9,Home
17-08-2020,San Francisco Giants,Los Angeles Angels,Mike Yastrzemski,0.0,1,Away
17-08-2020,San Francisco Giants,Los Angeles Angels,Alex Dickerson,0.0,2,Away
17-08-2020,San Francisco Giants,Los Angeles Angels,Donovan Solano,0.0,3,Away
17-08-2020,San Francisco Giants,Los Angeles Angels,Brandon Belt,1.0,4,Away
17-08-2020,San Francisco Giants,Los Angeles Angels,Evan Longoria,0.0,5,Away
17-08-2020,San Francisco Giants,Los Angeles Angels,Pablo Sandoval,0.0,6,Away
17-08-2020,San Francisco Giants,Los Angeles Angels,Brandon Crawford,0.0,7,Away
17-08-2020,San Francisco Giants,Los Angeles Angels,Mauricio Dubon,0.0,8,Away
17-08-2020,San Francisco Giants,Los Angeles Angels,Chadwick Tromp,0.0,9,Away
17-08-2020,San Francisco Giants,Los Angeles Angels,David Fletcher,0.0,1,Home
17-08-2020,San Francisco Giants,Los Angeles Angels,Tommy La Stella,1.0,2,Home
17-08-2020,San Francisco Giants,Los Angeles Angels,Mike Trout,1.0,3,Home
17-08-2020,San Francisco Giants,Los Angeles Angels,Anthony Rendon,0.0,4,Home
17-08-2020,San Francisco Giants,Los Angeles Angels,Albert Pujols,0.0,5,Home
17-08-2020,San Francisco Giants,Los Angeles Angels,Jo Adell,0.0,6,Home
17-08-2020,San Francisco Giants,Los Angeles Angels,Justin Upton,0.0,7,Home
17-08-2020,San Francisco Giants,Los Angeles Angels,Max Stassi,0.0,8,Home
17-08-2020,San Francisco Giants,Los Angeles Angels,Brian Goodwin,0.0,9,Home
18-08-2020,San Francisco Giants,Los Angeles Angels,Mike Yastrzemski,1.0,1,Away
18-08-2020,San Francisco Giants,Los Angeles Angels,Alex Dickerson,0.0,2,Away
18-08-2020,San Francisco Giants,Los Angeles Angels,Donovan Solano,0.0,3,Away
18-08-2020,San Francisco Giants,Los Angeles Angels,Brandon Belt,0.0,4,Away
18-08-2020,San Francisco Giants,Los Angeles Angels,Evan Longoria,0.0,5,Away
18-08-2020,San Francisco Giants,Los Angeles Angels,Pablo Sandoval,1.0,6,Away
18-08-2020,San Francisco Giants,Los Angeles Angels,Brandon Crawford,0.0,7,Away
18-08-2020,San Francisco Giants,Los Angeles Angels,Tyler Heineman,0.0,8,Away
18-08-2020,San Francisco Giants,Los Angeles Angels,Steven Duggar,0.0,9,Away
18-08-2020,San Francisco Giants,Los Angeles Angels,David Fletcher,0.0,1,Home
18-08-2020,San Francisco Giants,Los Angeles Angels,Tommy La Stella,1.0,2,Home
18-08-2020,San Francisco Giants,Los Angeles Angels,Mike Trout,0.0,3,Home
18-08-2020,San Francisco Giants,Los Angeles Angels,Anthony Rendon,0.0,4,Home
18-08-2020,San Francisco Giants,Los Angeles Angels,Shohei Ohtani,0.0,5,Home
18-08-2020,San Francisco Giants,Los Angeles Angels,Brian Goodwin,0.0,6,Home
18-08-2020,San Francisco Giants,Los Angeles Angels,Jo Adell,0.0,7,Home
18-08-2020,San Francisco Giants,Los Angeles Angels,Anthony Bemboom,0.0,8,Home
18-08-2020,San Francisco Giants,Los Angeles Angels,Luis Rengifo,0.0,9,Home
28-08-2020,Seattle Mariners,Los Angeles Angels,J.P. Crawford,0.0,1,Away
28-08-2020,Seattle Mariners,Los Angeles Angels,Sam Haggerty,0.0,2,Away
28-08-2020,Seattle Mariners,Los Angeles Angels,Kyle Lewis,0.0,3,Away
28-08-2020,Seattle Mariners,Los Angeles Angels,Kyle Seager,0.0,4,Away
28-08-2020,Seattle Mariners,Los Angeles Angels,Austin Nola,0.0,5,Away
28-08-2020,Seattle Mariners,Los Angeles Angels,Jose Marmolejos,0.0,6,Away
28-08-2020,Seattle Mariners,Los Angeles Angels,Tim Lopes,0.0,7,Away
28-08-2020,Seattle Mariners,Los Angeles Angels,Shed Long,0.0,8,Away
28-08-2020,Seattle Mariners,Los Angeles Angels,Braden Bishop,0.0,9,Away
28-08-2020,Seattle Mariners,Los Angeles Angels,David Fletcher,0.0,1,Home
28-08-2020,Seattle Mariners,Los Angeles Angels,Shohei Ohtani,0.0,2,Home
28-08-2020,Seattle Mariners,Los Angeles Angels,Mike Trout,1.0,3,Home
28-08-2020,Seattle Mariners,Los Angeles Angels,Anthony Rendon,0.0,4,Home
28-08-2020,Seattle Mariners,Los Angeles Angels,Albert Pujols,0.0,5,Home
28-08-2020,Seattle Mariners,Los Angeles Angels,Justin Upton,0.0,6,Home
28-08-2020,Seattle Mariners,Los Angeles Angels,Jo Adell,0.0,7,Home
28-08-2020,Seattle Mariners,Los Angeles Angels,Jason Castro,0.0,8,Home
28-08-2020,Seattle Mariners,Los Angeles Angels,Andrelton Simmons,0.0,9,Home
29-08-2020,Seattle Mariners,Los Angeles Angels,J.P. Crawford,0.0,1,Away
29-08-2020,Seattle Mariners,Los Angeles Angels,Sam Haggerty,0.0,2,Away
29-08-2020,Seattle Mariners,Los Angeles Angels,Kyle Lewis,0.0,3,Away
29-08-2020,Seattle Mariners,Los Angeles Angels,Kyle Seager,0.0,4,Away
29-08-2020,Seattle Mariners,Los Angeles Angels,Austin Nola,0.0,5,Away
29-08-2020,Seattle Mariners,Los Angeles Angels,Jose Marmolejos,0.0,6,Away
29-08-2020,Seattle Mariners,Los Angeles Angels,Tim Lopes,0.0,7,Away
29-08-2020,Seattle Mariners,Los Angeles Angels,Shed Long,1.0,8,Away
29-08-2020,Seattle Mariners,Los Angeles Angels,Jake Fraley,0.0,9,Away
29-08-2020,Seattle Mariners,Los Angeles Angels,David Fletcher,0.0,1,Home
29-08-2020,Seattle Mariners,Los Angeles Angels,Shohei Ohtani,0.0,2,Home
29-08-2020,Seattle Mariners,Los Angeles Angels,Mike Trout,1.0,3,Home
29-08-2020,Seattle Mariners,Los Angeles Angels,Anthony Rendon,0.0,4,Home
29-08-2020,Seattle Mariners,Los Angeles Angels,Albert Pujols,0.0,5,Home
29-08-2020,Seattle Mariners,Los Angeles Angels,Justin Upton,0.0,6,Home
29-08-2020,Seattle Mariners,Los Angeles Angels,Jo Adell,2.0,7,Home
29-08-2020,Seattle Mariners,Los Angeles Angels,Anthony Bemboom,0.0,8,Home
29-08-2020,Seattle Mariners,Los Angeles Angels,Andrelton Simmons,0.0,9,Home
30-08-2020,Seattle Mariners,Los Angeles Angels,J.P. Crawford,0.0,1,Away
30-08-2020,Seattle Mariners,Los Angeles Angels,Sam Haggerty,0.0,2,Away
30-08-2020,Seattle Mariners,Los Angeles Angels,Kyle Lewis,1.0,3,Away
30-08-2020,Seattle Mariners,Los Angeles Angels,Kyle Seager,0.0,4,Away
30-08-2020,Seattle Mariners,Los Angeles Angels,Jose Marmolejos,0.0,5,Away
30-08-2020,Seattle Mariners,Los Angeles Angels,Evan White,0.0,6,Away
30-08-2020,Seattle Mariners,Los Angeles Angels,Jake Fraley,0.0,7,Away
30-08-2020,Seattle Mariners,Los Angeles Angels,Dee Strange-Gordon,0.0,8,Away
30-08-2020,Seattle Mariners,Los Angeles Angels,Joseph Odom,0.0,9,Away
30-08-2020,Seattle Mariners,Los Angeles Angels,David Fletcher,0.0,1,Home
30-08-2020,Seattle Mariners,Los Angeles Angels,Shohei Ohtani,0.0,2,Home
30-08-2020,Seattle Mariners,Los Angeles Angels,Mike Trout,0.0,3,Home
30-08-2020,Seattle Mariners,Los Angeles Angels,Anthony Rendon,0.0,4,Home
30-08-2020,Seattle Mariners,Los Angeles Angels,Brian Goodwin,0.0,5,Home
30-08-2020,Seattle Mariners,Los Angeles Angels,Albert Pujols,0.0,6,Home
30-08-2020,Seattle Mariners,Los Angeles Angels,Jo Adell,0.0,7,Home
30-08-2020,Seattle Mariners,Los Angeles Angels,Anthony Bemboom,0.0,8,Home
30-08-2020,Seattle Mariners,Los Angeles Angels,Andrelton Simmons,0.0,9,Home
31-08-2020,Seattle Mariners,Los Angeles Angels,J.P. Crawford,0.0,1,Away
31-08-2020,Seattle Mariners,Los Angeles Angels,Sam Haggerty,0.0,2,Away
31-08-2020,Seattle Mariners,Los Angeles Angels,Kyle Lewis,0.0,3,Away
31-08-2020,Seattle Mariners,Los Angeles Angels,Kyle Seager,0.0,4,Away
31-08-2020,Seattle Mariners,Los Angeles Angels,Jose Marmolejos,1.0,5,Away
31-08-2020,Seattle Mariners,Los Angeles Angels,Evan White,0.0,6,Away
31-08-2020,Seattle Mariners,Los Angeles Angels,Donovan Walton,0.0,7,Away
31-08-2020,Seattle Mariners,Los Angeles Angels,Jake Fraley,0.0,8,Away
31-08-2020,Seattle Mariners,Los Angeles Angels,Joseph Odom,0.0,9,Away
31-08-2020,Seattle Mariners,Los Angeles Angels,Andrelton Simmons,0.0,1,Home
31-08-2020,Seattle Mariners,Los Angeles Angels,Mike Trout,0.0,2,Home
31-08-2020,Seattle Mariners,Los Angeles Angels,Anthony Rendon,0.0,3,Home
31-08-2020,Seattle Mariners,Los Angeles Angels,Albert Pujols,0.0,4,Home
31-08-2020,Seattle Mariners,Los Angeles Angels,Justin Upton,1.0,5,Home
31-08-2020,Seattle Mariners,Los Angeles Angels,Jo Adell,0.0,6,Home
31-08-2020,Seattle Mariners,Los Angeles Angels,Jared Walsh,0.0,7,Home
31-08-2020,Seattle Mariners,Los Angeles Angels,Luis Rengifo,0.0,8,Home
31-08-2020,Seattle Mariners,Los Angeles Angels,Anthony Bemboom,0.0,9,Home
02-09-2020,San Diego Padres,Los Angeles Angels,Trent Grisham,0.0,1,Away
02-09-2020,San Diego Padres,Los Angeles Angels,Fernando Tatis Jr.,0.0,2,Away
02-09-2020,San Diego Padres,Los Angeles Angels,Manny Machado,0.0,3,Away
02-09-2020,San Diego Padres,Los Angeles Angels,Eric Hosmer,1.0,4,Away
02-09-2020,San Diego Padres,Los Angeles Angels,Mitch Moreland,0.0,5,Away
02-09-2020,San Diego Padres,Los Angeles Angels,Jake Cronenworth,0.0,6,Away
02-09-2020,San Diego Padres,Los Angeles Angels,Jurickson Profar,1.0,7,Away
02-09-2020,San Diego Padres,Los Angeles Angels,Jason Castro,0.0,8,Away
02-09-2020,San Diego Padres,Los Angeles Angels,Greg Allen,0.0,9,Away
02-09-2020,San Diego Padres,Los Angeles Angels,Shohei Ohtani,0.0,1,Home
02-09-2020,San Diego Padres,Los Angeles Angels,Mike Trout,1.0,2,Home
02-09-2020,San Diego Padres,Los Angeles Angels,Anthony Rendon,0.0,3,Home
02-09-2020,San Diego Padres,Los Angeles Angels,Justin Upton,0.0,4,Home
02-09-2020,San Diego Padres,Los Angeles Angels,Albert Pujols,0.0,5,Home
02-09-2020,San Diego Padres,Los Angeles Angels,Andrelton Simmons,0.0,6,Home
02-09-2020,San Diego Padres,Los Angeles Angels,Jo Adell,0.0,7,Home
02-09-2020,San Diego Padres,Los Angeles Angels,Anthony Bemboom,0.0,8,Home
02-09-2020,San Diego Padres,Los Angeles Angels,Luis Rengifo,0.0,9,Home
03-09-2020,San Diego Padres,Los Angeles Angels,Jurickson Profar,0.0,1,Away
03-09-2020,San Diego Padres,Los Angeles Angels,Fernando Tatis Jr.,0.0,2,Away
03-09-2020,San Diego Padres,Los Angeles Angels,Manny Machado,0.0,3,Away
03-09-2020,San Diego Padres,Los Angeles Angels,Eric Hosmer,0.0,4,Away
03-09-2020,San Diego Padres,Los Angeles Angels,Austin Nola,0.0,5,Away
03-09-2020,San Diego Padres,Los Angeles Angels,Wil Myers,0.0,6,Away
03-09-2020,San Diego Padres,Los Angeles Angels,Mitch Moreland,0.0,7,Away
03-09-2020,San Diego Padres,Los Angeles Angels,Jake Cronenworth,0.0,8,Away
03-09-2020,San Diego Padres,Los Angeles Angels,Jorge Mateo,0.0,9,Away
03-09-2020,San Diego Padres,Los Angeles Angels,Andrelton Simmons,0.0,1,Home
03-09-2020,San Diego Padres,Los Angeles Angels,Mike Trout,0.0,2,Home
03-09-2020,San Diego Padres,Los Angeles Angels,Anthony Rendon,0.0,3,Home
03-09-2020,San Diego Padres,Los Angeles Angels,Justin Upton,0.0,4,Home
03-09-2020,San Diego Padres,Los Angeles Angels,Shohei Ohtani,0.0,5,Home
03-09-2020,San Diego Padres,Los Angeles Angels,Franklin Barreto,0.0,6,Home
03-09-2020,San Diego Padres,Los Angeles Angels,Jared Walsh,0.0,7,Home
03-09-2020,San Diego Padres,Los Angeles Angels,Jo Adell,0.0,8,Home
03-09-2020,San Diego Padres,Los Angeles Angels,Anthony Bemboom,0.0,9,Home
04-09-2020,Houston Astros,Los Angeles Angels,George Springer,0.0,1,Away
04-09-2020,Houston Astros,Los Angeles Angels,Josh Reddick,0.0,2,Away
04-09-2020,Houston Astros,Los Angeles Angels,Michael Brantley,0.0,3,Away
04-09-2020,Houston Astros,Los Angeles Angels,Yuli Gurriel,0.0,4,Away
04-09-2020,Houston Astros,Los Angeles Angels,Kyle Tucker,0.0,5,Away
04-09-2020,Houston Astros,Los Angeles Angels,Carlos Correa,0.0,6,Away
04-09-2020,Houston Astros,Los Angeles Angels,Abraham Toro,0.0,7,Away
04-09-2020,Houston Astros,Los Angeles Angels,Aledmys Diaz,0.0,8,Away
04-09-2020,Houston Astros,Los Angeles Angels,Martin Maldonado,0.0,9,Away
04-09-2020,Houston Astros,Los Angeles Angels,Andrelton Simmons,0.0,1,Home
04-09-2020,Houston Astros,Los Angeles Angels,Mike Trout,1.0,2,Home
04-09-2020,Houston Astros,Los Angeles Angels,Anthony Rendon,0.0,3,Home
04-09-2020,Houston Astros,Los Angeles Angels,Shohei Ohtani,0.0,4,Home
04-09-2020,Houston Astros,Los Angeles Angels,Taylor Ward,0.0,5,Home
04-09-2020,Houston Astros,Los Angeles Angels,Jared Walsh,1.0,6,Home
04-09-2020,Houston Astros,Los Angeles Angels,Franklin Barreto,0.0,7,Home
04-09-2020,Houston Astros,Los Angeles Angels,Luis Rengifo,0.0,8,Home
04-09-2020,Houston Astros,Los Angeles Angels,Jose Briceno,0.0,9,Home
06-09-2020,Houston Astros,Los Angeles Angels,George Springer,0.0,1,Away
06-09-2020,Houston Astros,Los Angeles Angels,Josh Reddick,0.0,2,Away
06-09-2020,Houston Astros,Los Angeles Angels,Michael Brantley,0.0,3,Away
06-09-2020,Houston Astros,Los Angeles Angels,Kyle Tucker,1.0,4,Away
06-09-2020,Houston Astros,Los Angeles Angels,Carlos Correa,1.0,5,Away
06-09-2020,Houston Astros,Los Angeles Angels,Aledmys Diaz,1.0,6,Away
06-09-2020,Houston Astros,Los Angeles Angels,Abraham Toro,0.0,7,Away
06-09-2020,Houston Astros,Los Angeles Angels,Martin Maldonado,0.0,8,Away
06-09-2020,Houston Astros,Los Angeles Angels,Jack Mayfield,0.0,9,Away
06-09-2020,Houston Astros,Los Angeles Angels,Andrelton Simmons,0.0,1,Home
06-09-2020,Houston Astros,Los Angeles Angels,Justin Upton,0.0,2,Home
06-09-2020,Houston Astros,Los Angeles Angels,Anthony Rendon,1.0,3,Home
06-09-2020,Houston Astros,Los Angeles Angels,Albert Pujols,0.0,4,Home
06-09-2020,Houston Astros,Los Angeles Angels,Jo Adell,0.0,5,Home
06-09-2020,Houston Astros,Los Angeles Angels,Max Stassi,0.0,6,Home
06-09-2020,Houston Astros,Los Angeles Angels,Jared Walsh,0.0,7,Home
06-09-2020,Houston Astros,Los Angeles Angels,Taylor Ward,0.0,8,Home
06-09-2020,Houston Astros,Los Angeles Angels,Franklin Barreto,0.0,9,Home
15-09-2020,Arizona Diamondbacks,Los Angeles Angels,Josh Rojas,0.0,1,Away
15-09-2020,Arizona Diamondbacks,Los Angeles Angels,Pavin Smith,0.0,2,Away
15-09-2020,Arizona Diamondbacks,Los Angeles Angels,Christian Walker,0.0,3,Away
15-09-2020,Arizona Diamondbacks,Los Angeles Angels,Kole Calhoun,2.0,4,Away
15-09-2020,Arizona Diamondbacks,Los Angeles Angels,Eduardo Escobar,0.0,5,Away
15-09-2020,Arizona Diamondbacks,Los Angeles Angels,David Peralta,1.0,6,Away
15-09-2020,Arizona Diamondbacks,Los Angeles Angels,Nick Ahmed,0.0,7,Away
15-09-2020,Arizona Diamondbacks,Los Angeles Angels,Daulton Varsho,1.0,8,Away
15-09-2020,Arizona Diamondbacks,Los Angeles Angels,Carson Kelly,1.0,9,Away
15-09-2020,Arizona Diamondbacks,Los Angeles Angels,David Fletcher,0.0,1,Home
15-09-2020,Arizona Diamondbacks,Los Angeles Angels,Jared Walsh,1.0,2,Home
15-09-2020,Arizona Diamondbacks,Los Angeles Angels,Mike Trout,0.0,3,Home
15-09-2020,Arizona Diamondbacks,Los Angeles Angels,Anthony Rendon,0.0,4,Home
15-09-2020,Arizona Diamondbacks,Los Angeles Angels,Albert Pujols,0.0,5,Home
15-09-2020,Arizona Diamondbacks,Los Angeles Angels,Justin Upton,1.0,6,Home
15-09-2020,Arizona Diamondbacks,Los Angeles Angels,Max Stassi,0.0,7,Home
15-09-2020,Arizona Diamondbacks,Los Angeles Angels,Taylor Ward,0.0,8,Home
15-09-2020,Arizona Diamondbacks,Los Angeles Angels,Andrelton Simmons,0.0,9,Home
16-09-2020,Arizona Diamondbacks,Los Angeles Angels,Josh Rojas,0.0,1,Away
16-09-2020,Arizona Diamondbacks,Los Angeles Angels,Josh VanMeter,0.0,2,Away
16-09-2020,Arizona Diamondbacks,Los Angeles Angels,Christian Walker,0.0,3,Away
16-09-2020,Arizona Diamondbacks,Los Angeles Angels,Kole Calhoun,1.0,4,Away
16-09-2020,Arizona Diamondbacks,Los Angeles Angels,Eduardo Escobar,0.0,5,Away
16-09-2020,Arizona Diamondbacks,Los Angeles Angels,David Peralta,1.0,6,Away
16-09-2020,Arizona Diamondbacks,Los Angeles Angels,Nick Ahmed,0.0,7,Away
16-09-2020,Arizona Diamondbacks,Los Angeles Angels,Stephen Vogt,0.0,8,Away
16-09-2020,Arizona Diamondbacks,Los Angeles Angels,Daulton Varsho,0.0,9,Away
16-09-2020,Arizona Diamondbacks,Los Angeles Angels,David Fletcher,0.0,1,Home
16-09-2020,Arizona Diamondbacks,Los Angeles Angels,Jared Walsh,1.0,2,Home
16-09-2020,Arizona Diamondbacks,Los Angeles Angels,Mike Trout,0.0,3,Home
16-09-2020,Arizona Diamondbacks,Los Angeles Angels,Anthony Rendon,0.0,4,Home
16-09-2020,Arizona Diamondbacks,Los Angeles Angels,Albert Pujols,0.0,5,Home
16-09-2020,Arizona Diamondbacks,Los Angeles Angels,Justin Upton,1.0,6,Home
16-09-2020,Arizona Diamondbacks,Los Angeles Angels,Max Stassi,1.0,7,Home
16-09-2020,Arizona Diamondbacks,Los Angeles Angels,Jo Adell,0.0,8,Home
16-09-2020,Arizona Diamondbacks,Los Angeles Angels,Andrelton Simmons,0.0,9,Home
17-09-2020,Arizona Diamondbacks,Los Angeles Angels,Daulton Varsho,0.0,1,Away
17-09-2020,Arizona Diamondbacks,Los Angeles Angels,Josh VanMeter,0.0,2,Away
17-09-2020,Arizona Diamondbacks,Los Angeles Angels,Christian Walker,0.0,3,Away
17-09-2020,Arizona Diamondbacks,Los Angeles Angels,Kole Calhoun,0.0,4,Away
17-09-2020,Arizona Diamondbacks,Los Angeles Angels,Eduardo Escobar,0.0,5,Away
17-09-2020,Arizona Diamondbacks,Los Angeles Angels,David Peralta,0.0,6,Away
17-09-2020,Arizona Diamondbacks,Los Angeles Angels,Nick Ahmed,0.0,7,Away
17-09-2020,Arizona Diamondbacks,Los Angeles Angels,Pavin Smith,0.0,8,Away
17-09-2020,Arizona Diamondbacks,Los Angeles Angels,Carson Kelly,0.0,9,Away
17-09-2020,Arizona Diamondbacks,Los Angeles Angels,David Fletcher,0.0,1,Home
17-09-2020,Arizona Diamondbacks,Los Angeles Angels,Jared Walsh,0.0,2,Home
17-09-2020,Arizona Diamondbacks,Los Angeles Angels,Mike Trout,0.0,3,Home
17-09-2020,Arizona Diamondbacks,Los Angeles Angels,Anthony Rendon,1.0,4,Home
17-09-2020,Arizona Diamondbacks,Los Angeles Angels,Albert Pujols,0.0,5,Home
17-09-2020,Arizona Diamondbacks,Los Angeles Angels,Justin Upton,0.0,6,Home
17-09-2020,Arizona Diamondbacks,Los Angeles Angels,Taylor Ward,0.0,7,Home
17-09-2020,Arizona Diamondbacks,Los Angeles Angels,Anthony Bemboom,0.0,8,Home
17-09-2020,Arizona Diamondbacks,Los Angeles Angels,Andrelton Simmons,0.0,9,Home
18-09-2020,Texas Rangers,Los Angeles Angels,Leody Taveras,0.0,1,Away
18-09-2020,Texas Rangers,Los Angeles Angels,Nick Solak,0.0,2,Away
18-09-2020,Texas Rangers,Los Angeles Angels,Isiah Kiner-Falefa,0.0,3,Away
18-09-2020,Texas Rangers,Los Angeles Angels,Joey Gallo,0.0,4,Away
18-09-2020,Texas Rangers,Los Angeles Angels,Ronald Guzman,0.0,5,Away
18-09-2020,Texas Rangers,Los Angeles Angels,Anderson Tejeda,0.0,6,Away
18-09-2020,Texas Rangers,Los Angeles Angels,Willie Calhoun,0.0,7,Away
18-09-2020,Texas Rangers,Los Angeles Angels,Sam Huff,0.0,8,Away
18-09-2020,Texas Rangers,Los Angeles Angels,Eli White,0.0,9,Away
18-09-2020,Texas Rangers,Los Angeles Angels,David Fletcher,0.0,1,Home
18-09-2020,Texas Rangers,Los Angeles Angels,Jared Walsh,0.0,2,Home
18-09-2020,Texas Rangers,Los Angeles Angels,Mike Trout,0.0,3,Home
18-09-2020,Texas Rangers,Los Angeles Angels,Anthony Rendon,0.0,4,Home
18-09-2020,Texas Rangers,Los Angeles Angels,Albert Pujols,2.0,5,Home
18-09-2020,Texas Rangers,Los Angeles Angels,Justin Upton,0.0,6,Home
18-09-2020,Texas Rangers,Los Angeles Angels,Max Stassi,0.0,7,Home
18-09-2020,Texas Rangers,Los Angeles Angels,Taylor Ward,0.0,8,Home
18-09-2020,Texas Rangers,Los Angeles Angels,Andrelton Simmons,0.0,9,Home
19-09-2020,Texas Rangers,Los Angeles Angels,Leody Taveras,1.0,1,Away
19-09-2020,Texas Rangers,Los Angeles Angels,Nick Solak,0.0,2,Away
19-09-2020,Texas Rangers,Los Angeles Angels,Isiah Kiner-Falefa,0.0,3,Away
19-09-2020,Texas Rangers,Los Angeles Angels,Rougned Odor,1.0,4,Away
19-09-2020,Texas Rangers,Los Angeles Angels,Sherten Apostel,0.0,5,Away
19-09-2020,Texas Rangers,Los Angeles Angels,Willie Calhoun,0.0,6,Away
19-09-2020,Texas Rangers,Los Angeles Angels,Anderson Tejeda,0.0,7,Away
19-09-2020,Texas Rangers,Los Angeles Angels,Eli White,0.0,8,Away
19-09-2020,Texas Rangers,Los Angeles Angels,Jeff Mathis,0.0,9,Away
19-09-2020,Texas Rangers,Los Angeles Angels,David Fletcher,0.0,1,Home
19-09-2020,Texas Rangers,Los Angeles Angels,Jared Walsh,0.0,2,Home
19-09-2020,Texas Rangers,Los Angeles Angels,Mike Trout,0.0,3,Home
19-09-2020,Texas Rangers,Los Angeles Angels,Anthony Rendon,0.0,4,Home
19-09-2020,Texas Rangers,Los Angeles Angels,Albert Pujols,0.0,5,Home
19-09-2020,Texas Rangers,Los Angeles Angels,Shohei Ohtani,1.0,6,Home
19-09-2020,Texas Rangers,Los Angeles Angels,Taylor Ward,0.0,7,Home
19-09-2020,Texas Rangers,Los Angeles Angels,Max Stassi,0.0,8,Home
19-09-2020,Texas Rangers,Los Angeles Angels,Andrelton Simmons,0.0,9,Home
20-09-2020,Texas Rangers,Los Angeles Angels,Leody Taveras,0.0,1,Away
20-09-2020,Texas Rangers,Los Angeles Angels,Willie Calhoun,0.0,2,Away
20-09-2020,Texas Rangers,Los Angeles Angels,Isiah Kiner-Falefa,0.0,3,Away
20-09-2020,Texas Rangers,Los Angeles Angels,Joey Gallo,1.0,4,Away
20-09-2020,Texas Rangers,Los Angeles Angels,Rougned Odor,1.0,5,Away
20-09-2020,Texas Rangers,Los Angeles Angels,Anderson Tejeda,1.0,6,Away
20-09-2020,Texas Rangers,Los Angeles Angels,Derek Dietrich,1.0,7,Away
20-09-2020,Texas Rangers,Los Angeles Angels,Ronald Guzman,0.0,8,Away
20-09-2020,Texas Rangers,Los Angeles Angels,Sam Huff,1.0,9,Away
20-09-2020,Texas Rangers,Los Angeles Angels,David Fletcher,0.0,1,Home
20-09-2020,Texas Rangers,Los Angeles Angels,Jared Walsh,0.0,2,Home
20-09-2020,Texas Rangers,Los Angeles Angels,Mike Trout,0.0,3,Home
20-09-2020,Texas Rangers,Los Angeles Angels,Anthony Rendon,0.0,4,Home
20-09-2020,Texas Rangers,Los Angeles Angels,Shohei Ohtani,0.0,5,Home
20-09-2020,Texas Rangers,Los Angeles Angels,Justin Upton,0.0,6,Home
20-09-2020,Texas Rangers,Los Angeles Angels,Taylor Ward,0.0,7,Home
20-09-2020,Texas Rangers,Los Angeles Angels,Anthony Bemboom,0.0,8,Home
20-09-2020,Texas Rangers,Los Angeles Angels,Andrelton Simmons,0.0,9,Home
21-09-2020,Texas Rangers,Los Angeles Angels,Leody Taveras,0.0,1,Away
21-09-2020,Texas Rangers,Los Angeles Angels,Willie Calhoun,0.0,2,Away
21-09-2020,Texas Rangers,Los Angeles Angels,Isiah Kiner-Falefa,1.0,3,Away
21-09-2020,Texas Rangers,Los Angeles Angels,Joey Gallo,0.0,4,Away
21-09-2020,Texas Rangers,Los Angeles Angels,Nick Solak,0.0,5,Away
21-09-2020,Texas Rangers,Los Angeles Angels,Rougned Odor,0.0,6,Away
21-09-2020,Texas Rangers,Los Angeles Angels,Anderson Tejeda,0.0,7,Away
21-09-2020,Texas Rangers,Los Angeles Angels,Derek Dietrich,1.0,8,Away
21-09-2020,Texas Rangers,Los Angeles Angels,Jeff Mathis,0.0,9,Away
21-09-2020,Texas Rangers,Los Angeles Angels,David Fletcher,0.0,1,Home
21-09-2020,Texas Rangers,Los Angeles Angels,Jared Walsh,1.0,2,Home
21-09-2020,Texas Rangers,Los Angeles Angels,Mike Trout,0.0,3,Home
21-09-2020,Texas Rangers,Los Angeles Angels,Anthony Rendon,0.0,4,Home
21-09-2020,Texas Rangers,Los Angeles Angels,Shohei Ohtani,0.0,5,Home
21-09-2020,Texas Rangers,Los Angeles Angels,Justin Upton,0.0,6,Home
21-09-2020,Texas Rangers,Los Angeles Angels,Taylor Ward,0.0,7,Home
21-09-2020,Texas Rangers,Los Angeles Angels,Max Stassi,0.0,8,Home
21-09-2020,Texas Rangers,Los Angeles Angels,Andrelton Simmons,0.0,9,Home
30-07-2020,Los Angeles Dodgers,Arizona Diamondbacks,Mookie Betts,0.0,1,Away
30-07-2020,Los Angeles Dodgers,Arizona Diamondbacks,Max Muncy,1.0,2,Away
30-07-2020,Los Angeles Dodgers,Arizona Diamondbacks,Justin Turner,0.0,3,Away
30-07-2020,Los Angeles Dodgers,Arizona Diamondbacks,Cody Bellinger,0.0,4,Away
30-07-2020,Los Angeles Dodgers,Arizona Diamondbacks,AJ Pollock,1.0,5,Away
30-07-2020,Los Angeles Dodgers,Arizona Diamondbacks,Chris Taylor,0.0,6,Away
30-07-2020,Los Angeles Dodgers,Arizona Diamondbacks,Corey Seager,1.0,7,Away
30-07-2020,Los Angeles Dodgers,Arizona Diamondbacks,Enrique Hernandez,0.0,8,Away
30-07-2020,Los Angeles Dodgers,Arizona Diamondbacks,Will Smith,0.0,9,Away
30-07-2020,Los Angeles Dodgers,Arizona Diamondbacks,Ketel Marte,1.0,1,Home
30-07-2020,Los Angeles Dodgers,Arizona Diamondbacks,Kole Calhoun,0.0,2,Home
30-07-2020,Los Angeles Dodgers,Arizona Diamondbacks,Starling Marte,0.0,3,Home
30-07-2020,Los Angeles Dodgers,Arizona Diamondbacks,Eduardo Escobar,0.0,4,Home
30-07-2020,Los Angeles Dodgers,Arizona Diamondbacks,Christian Walker,0.0,5,Home
30-07-2020,Los Angeles Dodgers,Arizona Diamondbacks,David Peralta,0.0,6,Home
30-07-2020,Los Angeles Dodgers,Arizona Diamondbacks,Carson Kelly,0.0,7,Home
30-07-2020,Los Angeles Dodgers,Arizona Diamondbacks,Jake Lamb,0.0,8,Home
30-07-2020,Los Angeles Dodgers,Arizona Diamondbacks,Nick Ahmed,0.0,9,Home
31-07-2020,Los Angeles Dodgers,Arizona Diamondbacks,Max Muncy,0.0,1,Away
31-07-2020,Los Angeles Dodgers,Arizona Diamondbacks,Mookie Betts,1.0,2,Away
31-07-2020,Los Angeles Dodgers,Arizona Diamondbacks,Cody Bellinger,0.0,3,Away
31-07-2020,Los Angeles Dodgers,Arizona Diamondbacks,Justin Turner,0.0,4,Away
31-07-2020,Los Angeles Dodgers,Arizona Diamondbacks,Corey Seager,1.0,5,Away
31-07-2020,Los Angeles Dodgers,Arizona Diamondbacks,Chris Taylor,0.0,6,Away
31-07-2020,Los Angeles Dodgers,Arizona Diamondbacks,Joc Pederson,0.0,7,Away
31-07-2020,Los Angeles Dodgers,Arizona Diamondbacks,Edwin Rios,0.0,8,Away
31-07-2020,Los Angeles Dodgers,Arizona Diamondbacks,Austin Barnes,0.0,9,Away
31-07-2020,Los Angeles Dodgers,Arizona Diamondbacks,Ketel Marte,0.0,1,Home
31-07-2020,Los Angeles Dodgers,Arizona Diamondbacks,Kole Calhoun,0.0,2,Home
31-07-2020,Los Angeles Dodgers,Arizona Diamondbacks,Starling Marte,0.0,3,Home
31-07-2020,Los Angeles Dodgers,Arizona Diamondbacks,Eduardo Escobar,0.0,4,Home
31-07-2020,Los Angeles Dodgers,Arizona Diamondbacks,Christian Walker,0.0,5,Home
31-07-2020,Los Angeles Dodgers,Arizona Diamondbacks,David Peralta,0.0,6,Home
31-07-2020,Los Angeles Dodgers,Arizona Diamondbacks,Stephen Vogt,0.0,7,Home
31-07-2020,Los Angeles Dodgers,Arizona Diamondbacks,Jake Lamb,0.0,8,Home
31-07-2020,Los Angeles Dodgers,Arizona Diamondbacks,Ildemaro Vargas,0.0,9,Home
01-08-2020,Los Angeles Dodgers,Arizona Diamondbacks,Max Muncy,0.0,1,Away
01-08-2020,Los Angeles Dodgers,Arizona Diamondbacks,Mookie Betts,0.0,2,Away
01-08-2020,Los Angeles Dodgers,Arizona Diamondbacks,Corey Seager,0.0,3,Away
01-08-2020,Los Angeles Dodgers,Arizona Diamondbacks,Justin Turner,0.0,4,Away
01-08-2020,Los Angeles Dodgers,Arizona Diamondbacks,Joc Pederson,0.0,5,Away
01-08-2020,Los Angeles Dodgers,Arizona Diamondbacks,AJ Pollock,1.0,6,Away
01-08-2020,Los Angeles Dodgers,Arizona Diamondbacks,Edwin Rios,1.0,7,Away
01-08-2020,Los Angeles Dodgers,Arizona Diamondbacks,Will Smith,0.0,8,Away
01-08-2020,Los Angeles Dodgers,Arizona Diamondbacks,Matt Beaty,1.0,9,Away
01-08-2020,Los Angeles Dodgers,Arizona Diamondbacks,Ketel Marte,0.0,1,Home
01-08-2020,Los Angeles Dodgers,Arizona Diamondbacks,Ildemaro Vargas,0.0,2,Home
01-08-2020,Los Angeles Dodgers,Arizona Diamondbacks,Starling Marte,0.0,3,Home
01-08-2020,Los Angeles Dodgers,Arizona Diamondbacks,Eduardo Escobar,0.0,4,Home
01-08-2020,Los Angeles Dodgers,Arizona Diamondbacks,Christian Walker,0.0,5,Home
01-08-2020,Los Angeles Dodgers,Arizona Diamondbacks,David Peralta,0.0,6,Home
01-08-2020,Los Angeles Dodgers,Arizona Diamondbacks,Carson Kelly,0.0,7,Home
01-08-2020,Los Angeles Dodgers,Arizona Diamondbacks,Nick Ahmed,0.0,8,Home
01-08-2020,Los Angeles Dodgers,Arizona Diamondbacks,Tim Locastro,0.0,9,Home
02-08-2020,Los Angeles Dodgers,Arizona Diamondbacks,Mookie Betts,1.0,1,Away
02-08-2020,Los Angeles Dodgers,Arizona Diamondbacks,Max Muncy,0.0,2,Away
02-08-2020,Los Angeles Dodgers,Arizona Diamondbacks,Justin Turner,0.0,3,Away
02-08-2020,Los Angeles Dodgers,Arizona Diamondbacks,Cody Bellinger,1.0,4,Away
02-08-2020,Los Angeles Dodgers,Arizona Diamondbacks,Chris Taylor,0.0,5,Away
02-08-2020,Los Angeles Dodgers,Arizona Diamondbacks,AJ Pollock,0.0,6,Away
02-08-2020,Los Angeles Dodgers,Arizona Diamondbacks,Joc Pederson,0.0,7,Away
02-08-2020,Los Angeles Dodgers,Arizona Diamondbacks,Enrique Hernandez,0.0,8,Away
02-08-2020,Los Angeles Dodgers,Arizona Diamondbacks,Austin Barnes,0.0,9,Away
02-08-2020,Los Angeles Dodgers,Arizona Diamondbacks,Ketel Marte,0.0,1,Home
02-08-2020,Los Angeles Dodgers,Arizona Diamondbacks,Starling Marte,0.0,2,Home
02-08-2020,Los Angeles Dodgers,Arizona Diamondbacks,Christian Walker,0.0,3,Home
02-08-2020,Los Angeles Dodgers,Arizona Diamondbacks,Eduardo Escobar,0.0,4,Home
02-08-2020,Los Angeles Dodgers,Arizona Diamondbacks,Kole Calhoun,0.0,5,Home
02-08-2020,Los Angeles Dodgers,Arizona Diamondbacks,Carson Kelly,0.0,6,Home
02-08-2020,Los Angeles Dodgers,Arizona Diamondbacks,David Peralta,0.0,7,Home
02-08-2020,Los Angeles Dodgers,Arizona Diamondbacks,Ildemaro Vargas,0.0,8,Home
02-08-2020,Los Angeles Dodgers,Arizona Diamondbacks,Nick Ahmed,0.0,9,Home
04-08-2020,Houston Astros,Arizona Diamondbacks,George Springer,0.0,1,Away
04-08-2020,Houston Astros,Arizona Diamondbacks,Jose Altuve,1.0,2,Away
04-08-2020,Houston Astros,Arizona Diamondbacks,Alex Bregman,0.0,3,Away
04-08-2020,Houston Astros,Arizona Diamondbacks,Yuli Gurriel,0.0,4,Away
04-08-2020,Houston Astros,Arizona Diamondbacks,Carlos Correa,1.0,5,Away
04-08-2020,Houston Astros,Arizona Diamondbacks,Josh Reddick,0.0,6,Away
04-08-2020,Houston Astros,Arizona Diamondbacks,Abraham Toro,0.0,7,Away
04-08-2020,Houston Astros,Arizona Diamondbacks,Kyle Tucker,0.0,8,Away
04-08-2020,Houston Astros,Arizona Diamondbacks,Martin Maldonado,0.0,9,Away
04-08-2020,Houston Astros,Arizona Diamondbacks,Ketel Marte,0.0,1,Home
04-08-2020,Houston Astros,Arizona Diamondbacks,Kole Calhoun,0.0,2,Home
04-08-2020,Houston Astros,Arizona Diamondbacks,Starling Marte,0.0,3,Home
04-08-2020,Houston Astros,Arizona Diamondbacks,Christian Walker,0.0,4,Home
04-08-2020,Houston Astros,Arizona Diamondbacks,Eduardo Escobar,0.0,5,Home
04-08-2020,Houston Astros,Arizona Diamondbacks,David Peralta,0.0,6,Home
04-08-2020,Houston Astros,Arizona Diamondbacks,Carson Kelly,0.0,7,Home
04-08-2020,Houston Astros,Arizona Diamondbacks,Daulton Varsho,0.0,8,Home
04-08-2020,Houston Astros,Arizona Diamondbacks,Nick Ahmed,0.0,9,Home
05-08-2020,Houston Astros,Arizona Diamondbacks,George Springer,1.0,1,Away
05-08-2020,Houston Astros,Arizona Diamondbacks,Jose Altuve,0.0,2,Away
05-08-2020,Houston Astros,Arizona Diamondbacks,Alex Bregman,0.0,3,Away
05-08-2020,Houston Astros,Arizona Diamondbacks,Yuli Gurriel,1.0,4,Away
05-08-2020,Houston Astros,Arizona Diamondbacks,Carlos Correa,0.0,5,Away
05-08-2020,Houston Astros,Arizona Diamondbacks,Abraham Toro,1.0,6,Away
05-08-2020,Houston Astros,Arizona Diamondbacks,Kyle Tucker,1.0,7,Away
05-08-2020,Houston Astros,Arizona Diamondbacks,Myles Straw,0.0,8,Away
05-08-2020,Houston Astros,Arizona Diamondbacks,Martin Maldonado,0.0,9,Away
05-08-2020,Houston Astros,Arizona Diamondbacks,Ketel Marte,0.0,1,Home
05-08-2020,Houston Astros,Arizona Diamondbacks,Kole Calhoun,1.0,2,Home
05-08-2020,Houston Astros,Arizona Diamondbacks,Starling Marte,0.0,3,Home
05-08-2020,Houston Astros,Arizona Diamondbacks,Christian Walker,0.0,4,Home
05-08-2020,Houston Astros,Arizona Diamondbacks,Eduardo Escobar,1.0,5,Home
05-08-2020,Houston Astros,Arizona Diamondbacks,David Peralta,1.0,6,Home
05-08-2020,Houston Astros,Arizona Diamondbacks,Stephen Vogt,0.0,7,Home
05-08-2020,Houston Astros,Arizona Diamondbacks,Jon Jay,0.0,8,Home
05-08-2020,Houston Astros,Arizona Diamondbacks,Nick Ahmed,1.0,9,Home
06-08-2020,Houston Astros,Arizona Diamondbacks,George Springer,0.0,1,Away
06-08-2020,Houston Astros,Arizona Diamondbacks,Jose Altuve,1.0,2,Away
06-08-2020,Houston Astros,Arizona Diamondbacks,Alex Bregman,1.0,3,Away
06-08-2020,Houston Astros,Arizona Diamondbacks,Michael Brantley,0.0,4,Away
06-08-2020,Houston Astros,Arizona Diamondbacks,Yuli Gurriel,0.0,5,Away
06-08-2020,Houston Astros,Arizona Diamondbacks,Carlos Correa,0.0,6,Away
06-08-2020,Houston Astros,Arizona Diamondbacks,Josh Reddick,0.0,7,Away
06-08-2020,Houston Astros,Arizona Diamondbacks,Kyle Tucker,0.0,8,Away
06-08-2020,Houston Astros,Arizona Diamondbacks,Martin Maldonado,0.0,9,Away
06-08-2020,Houston Astros,Arizona Diamondbacks,Ketel Marte,0.0,1,Home
06-08-2020,Houston Astros,Arizona Diamondbacks,Kole Calhoun,0.0,2,Home
06-08-2020,Houston Astros,Arizona Diamondbacks,Starling Marte,0.0,3,Home
06-08-2020,Houston Astros,Arizona Diamondbacks,Christian Walker,0.0,4,Home
06-08-2020,Houston Astros,Arizona Diamondbacks,Eduardo Escobar,0.0,5,Home
06-08-2020,Houston Astros,Arizona Diamondbacks,David Peralta,0.0,6,Home
06-08-2020,Houston Astros,Arizona Diamondbacks,Carson Kelly,0.0,7,Home
06-08-2020,Houston Astros,Arizona Diamondbacks,Andy Young,0.0,8,Home
06-08-2020,Houston Astros,Arizona Diamondbacks,Nick Ahmed,0.0,9,Home
14-08-2020,San Diego Padres,Arizona Diamondbacks,Fernando Tatis Jr.,0.0,1,Away
14-08-2020,San Diego Padres,Arizona Diamondbacks,Trent Grisham,0.0,2,Away
14-08-2020,San Diego Padres,Arizona Diamondbacks,Manny Machado,0.0,3,Away
14-08-2020,San Diego Padres,Arizona Diamondbacks,Tommy Pham,0.0,4,Away
14-08-2020,San Diego Padres,Arizona Diamondbacks,Eric Hosmer,0.0,5,Away
14-08-2020,San Diego Padres,Arizona Diamondbacks,Wil Myers,0.0,6,Away
14-08-2020,San Diego Padres,Arizona Diamondbacks,Jake Cronenworth,0.0,7,Away
14-08-2020,San Diego Padres,Arizona Diamondbacks,Francisco Mejia,0.0,8,Away
14-08-2020,San Diego Padres,Arizona Diamondbacks,Jurickson Profar,0.0,9,Away
14-08-2020,San Diego Padres,Arizona Diamondbacks,Kole Calhoun,1.0,1,Home
14-08-2020,San Diego Padres,Arizona Diamondbacks,Ketel Marte,0.0,2,Home
14-08-2020,San Diego Padres,Arizona Diamondbacks,Starling Marte,0.0,3,Home
14-08-2020,San Diego Padres,Arizona Diamondbacks,David Peralta,0.0,4,Home
14-08-2020,San Diego Padres,Arizona Diamondbacks,Christian Walker,0.0,5,Home
14-08-2020,San Diego Padres,Arizona Diamondbacks,Stephen Vogt,0.0,6,Home
14-08-2020,San Diego Padres,Arizona Diamondbacks,Andy Young,0.0,7,Home
14-08-2020,San Diego Padres,Arizona Diamondbacks,Daulton Varsho,0.0,8,Home
14-08-2020,San Diego Padres,Arizona Diamondbacks,Nick Ahmed,0.0,9,Home
15-08-2020,San Diego Padres,Arizona Diamondbacks,Tommy Pham,0.0,1,Away
15-08-2020,San Diego Padres,Arizona Diamondbacks,Manny Machado,0.0,2,Away
15-08-2020,San Diego Padres,Arizona Diamondbacks,Fernando Tatis Jr.,1.0,3,Away
15-08-2020,San Diego Padres,Arizona Diamondbacks,Eric Hosmer,1.0,4,Away
15-08-2020,San Diego Padres,Arizona Diamondbacks,Wil Myers,0.0,5,Away
15-08-2020,San Diego Padres,Arizona Diamondbacks,Jurickson Profar,0.0,6,Away
15-08-2020,San Diego Padres,Arizona Diamondbacks,Jake Cronenworth,0.0,7,Away
15-08-2020,San Diego Padres,Arizona Diamondbacks,Francisco Mejia,0.0,8,Away
15-08-2020,San Diego Padres,Arizona Diamondbacks,Trent Grisham,0.0,9,Away
15-08-2020,San Diego Padres,Arizona Diamondbacks,Kole Calhoun,0.0,1,Home
15-08-2020,San Diego Padres,Arizona Diamondbacks,Ketel Marte,0.0,2,Home
15-08-2020,San Diego Padres,Arizona Diamondbacks,Starling Marte,0.0,3,Home
15-08-2020,San Diego Padres,Arizona Diamondbacks,David Peralta,0.0,4,Home
15-08-2020,San Diego Padres,Arizona Diamondbacks,Christian Walker,0.0,5,Home
15-08-2020,San Diego Padres,Arizona Diamondbacks,Eduardo Escobar,0.0,6,Home
15-08-2020,San Diego Padres,Arizona Diamondbacks,Carson Kelly,0.0,7,Home
15-08-2020,San Diego Padres,Arizona Diamondbacks,Daulton Varsho,0.0,8,Home
15-08-2020,San Diego Padres,Arizona Diamondbacks,Nick Ahmed,0.0,9,Home
16-08-2020,San Diego Padres,Arizona Diamondbacks,Trent Grisham,0.0,1,Away
16-08-2020,San Diego Padres,Arizona Diamondbacks,Manny Machado,0.0,2,Away
16-08-2020,San Diego Padres,Arizona Diamondbacks,Fernando Tatis Jr.,0.0,3,Away
16-08-2020,San Diego Padres,Arizona Diamondbacks,Eric Hosmer,1.0,4,Away
16-08-2020,San Diego Padres,Arizona Diamondbacks,Tommy Pham,0.0,5,Away
16-08-2020,San Diego Padres,Arizona Diamondbacks,Jake Cronenworth,0.0,6,Away
16-08-2020,San Diego Padres,Arizona Diamondbacks,Edward Olivares,0.0,7,Away
16-08-2020,San Diego Padres,Arizona Diamondbacks,Austin Hedges,0.0,8,Away
16-08-2020,San Diego Padres,Arizona Diamondbacks,Jorge Mateo,0.0,9,Away
16-08-2020,San Diego Padres,Arizona Diamondbacks,Kole Calhoun,1.0,1,Home
16-08-2020,San Diego Padres,Arizona Diamondbacks,Ketel Marte,0.0,2,Home
16-08-2020,San Diego Padres,Arizona Diamondbacks,Starling Marte,0.0,3,Home
16-08-2020,San Diego Padres,Arizona Diamondbacks,David Peralta,0.0,4,Home
16-08-2020,San Diego Padres,Arizona Diamondbacks,Christian Walker,0.0,5,Home
16-08-2020,San Diego Padres,Arizona Diamondbacks,Eduardo Escobar,1.0,6,Home
16-08-2020,San Diego Padres,Arizona Diamondbacks,Stephen Vogt,0.0,7,Home
16-08-2020,San Diego Padres,Arizona Diamondbacks,Nick Ahmed,0.0,8,Home
16-08-2020,San Diego Padres,Arizona Diamondbacks,Jon Jay,0.0,9,Home
17-08-2020,Oakland Athletics,Arizona Diamondbacks,Marcus Semien,0.0,1,Away
17-08-2020,Oakland Athletics,Arizona Diamondbacks,Tony Kemp,0.0,2,Away
17-08-2020,Oakland Athletics,Arizona Diamondbacks,Matt Chapman,0.0,3,Away
17-08-2020,Oakland Athletics,Arizona Diamondbacks,Matt Olson,0.0,4,Away
17-08-2020,Oakland Athletics,Arizona Diamondbacks,Mark Canha,0.0,5,Away
17-08-2020,Oakland Athletics,Arizona Diamondbacks,Robbie Grossman,1.0,6,Away
17-08-2020,Oakland Athletics,Arizona Diamondbacks,Stephen Piscotty,0.0,7,Away
17-08-2020,Oakland Athletics,Arizona Diamondbacks,Vimael Machin,0.0,8,Away
17-08-2020,Oakland Athletics,Arizona Diamondbacks,Austin Allen,0.0,9,Away
17-08-2020,Oakland Athletics,Arizona Diamondbacks,Kole Calhoun,0.0,1,Home
17-08-2020,Oakland Athletics,Arizona Diamondbacks,Ketel Marte,0.0,2,Home
17-08-2020,Oakland Athletics,Arizona Diamondbacks,Starling Marte,0.0,3,Home
17-08-2020,Oakland Athletics,Arizona Diamondbacks,David Peralta,1.0,4,Home
17-08-2020,Oakland Athletics,Arizona Diamondbacks,Christian Walker,0.0,5,Home
17-08-2020,Oakland Athletics,Arizona Diamondbacks,Eduardo Escobar,0.0,6,Home
17-08-2020,Oakland Athletics,Arizona Diamondbacks,Carson Kelly,0.0,7,Home
17-08-2020,Oakland Athletics,Arizona Diamondbacks,Kevin Cron,0.0,8,Home
17-08-2020,Oakland Athletics,Arizona Diamondbacks,Nick Ahmed,0.0,9,Home
18-08-2020,Oakland Athletics,Arizona Diamondbacks,Marcus Semien,0.0,1,Away
18-08-2020,Oakland Athletics,Arizona Diamondbacks,Ramon Laureano,0.0,2,Away
18-08-2020,Oakland Athletics,Arizona Diamondbacks,Matt Olson,0.0,3,Away
18-08-2020,Oakland Athletics,Arizona Diamondbacks,Matt Chapman,0.0,4,Away
18-08-2020,Oakland Athletics,Arizona Diamondbacks,Mark Canha,0.0,5,Away
18-08-2020,Oakland Athletics,Arizona Diamondbacks,Robbie Grossman,0.0,6,Away
18-08-2020,Oakland Athletics,Arizona Diamondbacks,Stephen Piscotty,0.0,7,Away
18-08-2020,Oakland Athletics,Arizona Diamondbacks,Tony Kemp,0.0,8,Away
18-08-2020,Oakland Athletics,Arizona Diamondbacks,Sean Murphy,0.0,9,Away
18-08-2020,Oakland Athletics,Arizona Diamondbacks,Kole Calhoun,1.0,1,Home
18-08-2020,Oakland Athletics,Arizona Diamondbacks,Stephen Vogt,0.0,2,Home
18-08-2020,Oakland Athletics,Arizona Diamondbacks,Starling Marte,0.0,3,Home
18-08-2020,Oakland Athletics,Arizona Diamondbacks,David Peralta,0.0,4,Home
18-08-2020,Oakland Athletics,Arizona Diamondbacks,Christian Walker,0.0,5,Home
18-08-2020,Oakland Athletics,Arizona Diamondbacks,Eduardo Escobar,0.0,6,Home
18-08-2020,Oakland Athletics,Arizona Diamondbacks,Nick Ahmed,1.0,7,Home
18-08-2020,Oakland Athletics,Arizona Diamondbacks,Jake Lamb,0.0,8,Home
18-08-2020,Oakland Athletics,Arizona Diamondbacks,Daulton Varsho,0.0,9,Home
24-08-2020,Colorado Rockies,Arizona Diamondbacks,Raimel Tapia,0.0,1,Away
24-08-2020,Colorado Rockies,Arizona Diamondbacks,Trevor Story,1.0,2,Away
24-08-2020,Colorado Rockies,Arizona Diamondbacks,Nolan Arenado,0.0,3,Away
24-08-2020,Colorado Rockies,Arizona Diamondbacks,Daniel Murphy,0.0,4,Away
24-08-2020,Colorado Rockies,Arizona Diamondbacks,Ryan McMahon,0.0,5,Away
24-08-2020,Colorado Rockies,Arizona Diamondbacks,Matt Kemp,0.0,6,Away
24-08-2020,Colorado Rockies,Arizona Diamondbacks,Sam Hilliard,0.0,7,Away
24-08-2020,Colorado Rockies,Arizona Diamondbacks,Garrett Hampson,0.0,8,Away
24-08-2020,Colorado Rockies,Arizona Diamondbacks,Tony Wolters,0.0,9,Away
24-08-2020,Colorado Rockies,Arizona Diamondbacks,Kole Calhoun,1.0,1,Home
24-08-2020,Colorado Rockies,Arizona Diamondbacks,Ketel Marte,0.0,2,Home
24-08-2020,Colorado Rockies,Arizona Diamondbacks,Starling Marte,0.0,3,Home
24-08-2020,Colorado Rockies,Arizona Diamondbacks,David Peralta,0.0,4,Home
24-08-2020,Colorado Rockies,Arizona Diamondbacks,Christian Walker,1.0,5,Home
24-08-2020,Colorado Rockies,Arizona Diamondbacks,Eduardo Escobar,0.0,6,Home
24-08-2020,Colorado Rockies,Arizona Diamondbacks,Nick Ahmed,0.0,7,Home
24-08-2020,Colorado Rockies,Arizona Diamondbacks,Stephen Vogt,0.0,8,Home
24-08-2020,Colorado Rockies,Arizona Diamondbacks,Daulton Varsho,0.0,9,Home
25-08-2020,Colorado Rockies,Arizona Diamondbacks,Raimel Tapia,0.0,1,Away
25-08-2020,Colorado Rockies,Arizona Diamondbacks,Trevor Story,0.0,2,Away
25-08-2020,Colorado Rockies,Arizona Diamondbacks,Nolan Arenado,0.0,3,Away
25-08-2020,Colorado Rockies,Arizona Diamondbacks,Charlie Blackmon,0.0,4,Away
25-08-2020,Colorado Rockies,Arizona Diamondbacks,Matt Kemp,0.0,5,Away
25-08-2020,Colorado Rockies,Arizona Diamondbacks,Josh Fuentes,0.0,6,Away
25-08-2020,Colorado Rockies,Arizona Diamondbacks,Brendan Rodgers,0.0,7,Away
25-08-2020,Colorado Rockies,Arizona Diamondbacks,Garrett Hampson,1.0,8,Away
25-08-2020,Colorado Rockies,Arizona Diamondbacks,Drew Butera,0.0,9,Away
25-08-2020,Colorado Rockies,Arizona Diamondbacks,Kole Calhoun,0.0,1,Home
25-08-2020,Colorado Rockies,Arizona Diamondbacks,Ketel Marte,0.0,2,Home
25-08-2020,Colorado Rockies,Arizona Diamondbacks,Starling Marte,0.0,3,Home
25-08-2020,Colorado Rockies,Arizona Diamondbacks,David Peralta,0.0,4,Home
25-08-2020,Colorado Rockies,Arizona Diamondbacks,Christian Walker,1.0,5,Home
25-08-2020,Colorado Rockies,Arizona Diamondbacks,Eduardo Escobar,0.0,6,Home
25-08-2020,Colorado Rockies,Arizona Diamondbacks,Nick Ahmed,0.0,7,Home
25-08-2020,Colorado Rockies,Arizona Diamondbacks,Jon Jay,1.0,8,Home
25-08-2020,Colorado Rockies,Arizona Diamondbacks,Carson Kelly,0.0,9,Home
26-08-2020,Colorado Rockies,Arizona Diamondbacks,Garrett Hampson,0.0,1,Away
26-08-2020,Colorado Rockies,Arizona Diamondbacks,Trevor Story,0.0,2,Away
26-08-2020,Colorado Rockies,Arizona Diamondbacks,Nolan Arenado,0.0,3,Away
26-08-2020,Colorado Rockies,Arizona Diamondbacks,Charlie Blackmon,1.0,4,Away
26-08-2020,Colorado Rockies,Arizona Diamondbacks,Josh Fuentes,0.0,5,Away
26-08-2020,Colorado Rockies,Arizona Diamondbacks,Elias Diaz,0.0,6,Away
26-08-2020,Colorado Rockies,Arizona Diamondbacks,Brendan Rodgers,0.0,7,Away
26-08-2020,Colorado Rockies,Arizona Diamondbacks,Sam Hilliard,1.0,8,Away
26-08-2020,Colorado Rockies,Arizona Diamondbacks,Drew Butera,0.0,9,Away
26-08-2020,Colorado Rockies,Arizona Diamondbacks,Kole Calhoun,0.0,1,Home
26-08-2020,Colorado Rockies,Arizona Diamondbacks,Ketel Marte,0.0,2,Home
26-08-2020,Colorado Rockies,Arizona Diamondbacks,Starling Marte,0.0,3,Home
26-08-2020,Colorado Rockies,Arizona Diamondbacks,David Peralta,0.0,4,Home
26-08-2020,Colorado Rockies,Arizona Diamondbacks,Christian Walker,0.0,5,Home
26-08-2020,Colorado Rockies,Arizona Diamondbacks,Eduardo Escobar,0.0,6,Home
26-08-2020,Colorado Rockies,Arizona Diamondbacks,Nick Ahmed,0.0,7,Home
26-08-2020,Colorado Rockies,Arizona Diamondbacks,Stephen Vogt,0.0,8,Home
26-08-2020,Colorado Rockies,Arizona Diamondbacks,Jake Lamb,0.0,9,Home
28-08-2020,San Francisco Giants,Arizona Diamondbacks,Mike Yastrzemski,0.0,1,Away
28-08-2020,San Francisco Giants,Arizona Diamondbacks,Alex Dickerson,0.0,2,Away
28-08-2020,San Francisco Giants,Arizona Diamondbacks,Evan Longoria,1.0,3,Away
28-08-2020,San Francisco Giants,Arizona Diamondbacks,Brandon Belt,0.0,4,Away
28-08-2020,San Francisco Giants,Arizona Diamondbacks,Wilmer Flores,0.0,5,Away
28-08-2020,San Francisco Giants,Arizona Diamondbacks,Donovan Solano,0.0,6,Away
28-08-2020,San Francisco Giants,Arizona Diamondbacks,Brandon Crawford,1.0,7,Away
28-08-2020,San Francisco Giants,Arizona Diamondbacks,Joey Bart,0.0,8,Away
28-08-2020,San Francisco Giants,Arizona Diamondbacks,Joey Rickard,0.0,9,Away
28-08-2020,San Francisco Giants,Arizona Diamondbacks,Tim Locastro,0.0,1,Home
28-08-2020,San Francisco Giants,Arizona Diamondbacks,Ketel Marte,0.0,2,Home
28-08-2020,San Francisco Giants,Arizona Diamondbacks,Starling Marte,0.0,3,Home
28-08-2020,San Francisco Giants,Arizona Diamondbacks,Christian Walker,0.0,4,Home
28-08-2020,San Francisco Giants,Arizona Diamondbacks,David Peralta,0.0,5,Home
28-08-2020,San Francisco Giants,Arizona Diamondbacks,Eduardo Escobar,0.0,6,Home
28-08-2020,San Francisco Giants,Arizona Diamondbacks,Nick Ahmed,0.0,7,Home
28-08-2020,San Francisco Giants,Arizona Diamondbacks,Andy Young,0.0,8,Home
28-08-2020,San Francisco Giants,Arizona Diamondbacks,Carson Kelly,0.0,9,Home
29-08-2020,San Francisco Giants,Arizona Diamondbacks,Mike Yastrzemski,0.0,1,Away
29-08-2020,San Francisco Giants,Arizona Diamondbacks,Alex Dickerson,0.0,2,Away
29-08-2020,San Francisco Giants,Arizona Diamondbacks,Evan Longoria,0.0,3,Away
29-08-2020,San Francisco Giants,Arizona Diamondbacks,Brandon Belt,0.0,4,Away
29-08-2020,San Francisco Giants,Arizona Diamondbacks,Wilmer Flores,1.0,5,Away
29-08-2020,San Francisco Giants,Arizona Diamondbacks,Pablo Sandoval,0.0,6,Away
29-08-2020,San Francisco Giants,Arizona Diamondbacks,Brandon Crawford,0.0,7,Away
29-08-2020,San Francisco Giants,Arizona Diamondbacks,Joey Bart,0.0,8,Away
29-08-2020,San Francisco Giants,Arizona Diamondbacks,Mauricio Dubon,0.0,9,Away
29-08-2020,San Francisco Giants,Arizona Diamondbacks,Kole Calhoun,0.0,1,Home
29-08-2020,San Francisco Giants,Arizona Diamondbacks,Ketel Marte,0.0,2,Home
29-08-2020,San Francisco Giants,Arizona Diamondbacks,Starling Marte,0.0,3,Home
29-08-2020,San Francisco Giants,Arizona Diamondbacks,David Peralta,0.0,4,Home
29-08-2020,San Francisco Giants,Arizona Diamondbacks,Christian Walker,1.0,5,Home
29-08-2020,San Francisco Giants,Arizona Diamondbacks,Eduardo Escobar,0.0,6,Home
29-08-2020,San Francisco Giants,Arizona Diamondbacks,Nick Ahmed,0.0,7,Home
29-08-2020,San Francisco Giants,Arizona Diamondbacks,Stephen Vogt,0.0,8,Home
29-08-2020,San Francisco Giants,Arizona Diamondbacks,Jon Jay,0.0,9,Home
30-08-2020,San Francisco Giants,Arizona Diamondbacks,Mike Yastrzemski,0.0,1,Away
30-08-2020,San Francisco Giants,Arizona Diamondbacks,Alex Dickerson,1.0,2,Away
30-08-2020,San Francisco Giants,Arizona Diamondbacks,Evan Longoria,0.0,3,Away
30-08-2020,San Francisco Giants,Arizona Diamondbacks,Brandon Belt,0.0,4,Away
30-08-2020,San Francisco Giants,Arizona Diamondbacks,Donovan Solano,0.0,5,Away
30-08-2020,San Francisco Giants,Arizona Diamondbacks,Pablo Sandoval,0.0,6,Away
30-08-2020,San Francisco Giants,Arizona Diamondbacks,Brandon Crawford,0.0,7,Away
30-08-2020,San Francisco Giants,Arizona Diamondbacks,Mauricio Dubon,0.0,8,Away
30-08-2020,San Francisco Giants,Arizona Diamondbacks,Chadwick Tromp,0.0,9,Away
30-08-2020,San Francisco Giants,Arizona Diamondbacks,Kole Calhoun,0.0,1,Home
30-08-2020,San Francisco Giants,Arizona Diamondbacks,Ketel Marte,0.0,2,Home
30-08-2020,San Francisco Giants,Arizona Diamondbacks,Starling Marte,0.0,3,Home
30-08-2020,San Francisco Giants,Arizona Diamondbacks,David Peralta,0.0,4,Home
30-08-2020,San Francisco Giants,Arizona Diamondbacks,Christian Walker,0.0,5,Home
30-08-2020,San Francisco Giants,Arizona Diamondbacks,Eduardo Escobar,1.0,6,Home
30-08-2020,San Francisco Giants,Arizona Diamondbacks,Nick Ahmed,0.0,7,Home
30-08-2020,San Francisco Giants,Arizona Diamondbacks,Jake Lamb,0.0,8,Home
30-08-2020,San Francisco Giants,Arizona Diamondbacks,Daulton Varsho,0.0,9,Home
08-09-2020,Los Angeles Dodgers,Arizona Diamondbacks,Mookie Betts,0.0,1,Away
08-09-2020,Los Angeles Dodgers,Arizona Diamondbacks,Corey Seager,0.0,2,Away
08-09-2020,Los Angeles Dodgers,Arizona Diamondbacks,AJ Pollock,0.0,3,Away
08-09-2020,Los Angeles Dodgers,Arizona Diamondbacks,Cody Bellinger,0.0,4,Away
08-09-2020,Los Angeles Dodgers,Arizona Diamondbacks,Max Muncy,0.0,5,Away
08-09-2020,Los Angeles Dodgers,Arizona Diamondbacks,Chris Taylor,0.0,6,Away
08-09-2020,Los Angeles Dodgers,Arizona Diamondbacks,Gavin Lux,2.0,7,Away
08-09-2020,Los Angeles Dodgers,Arizona Diamondbacks,Edwin Rios,0.0,8,Away
08-09-2020,Los Angeles Dodgers,Arizona Diamondbacks,Austin Barnes,0.0,9,Away
08-09-2020,Los Angeles Dodgers,Arizona Diamondbacks,Josh Rojas,0.0,1,Home
08-09-2020,Los Angeles Dodgers,Arizona Diamondbacks,Ketel Marte,0.0,2,Home
08-09-2020,Los Angeles Dodgers,Arizona Diamondbacks,Christian Walker,1.0,3,Home
08-09-2020,Los Angeles Dodgers,Arizona Diamondbacks,Kole Calhoun,1.0,4,Home
08-09-2020,Los Angeles Dodgers,Arizona Diamondbacks,Eduardo Escobar,0.0,5,Home
08-09-2020,Los Angeles Dodgers,Arizona Diamondbacks,David Peralta,0.0,6,Home
08-09-2020,Los Angeles Dodgers,Arizona Diamondbacks,Stephen Vogt,0.0,7,Home
08-09-2020,Los Angeles Dodgers,Arizona Diamondbacks,Daulton Varsho,1.0,8,Home
08-09-2020,Los Angeles Dodgers,Arizona Diamondbacks,Tim Locastro,0.0,9,Home
09-09-2020,Los Angeles Dodgers,Arizona Diamondbacks,Mookie Betts,1.0,1,Away
09-09-2020,Los Angeles Dodgers,Arizona Diamondbacks,Corey Seager,0.0,2,Away
09-09-2020,Los Angeles Dodgers,Arizona Diamondbacks,Chris Taylor,0.0,3,Away
09-09-2020,Los Angeles Dodgers,Arizona Diamondbacks,Cody Bellinger,0.0,4,Away
09-09-2020,Los Angeles Dodgers,Arizona Diamondbacks,Max Muncy,0.0,5,Away
09-09-2020,Los Angeles Dodgers,Arizona Diamondbacks,AJ Pollock,0.0,6,Away
09-09-2020,Los Angeles Dodgers,Arizona Diamondbacks,Will Smith,0.0,7,Away
09-09-2020,Los Angeles Dodgers,Arizona Diamondbacks,Gavin Lux,0.0,8,Away
09-09-2020,Los Angeles Dodgers,Arizona Diamondbacks,Enrique Hernandez,1.0,9,Away
09-09-2020,Los Angeles Dodgers,Arizona Diamondbacks,Tim Locastro,0.0,1,Home
09-09-2020,Los Angeles Dodgers,Arizona Diamondbacks,Nick Ahmed,0.0,2,Home
09-09-2020,Los Angeles Dodgers,Arizona Diamondbacks,Christian Walker,0.0,3,Home
09-09-2020,Los Angeles Dodgers,Arizona Diamondbacks,Eduardo Escobar,0.0,4,Home
09-09-2020,Los Angeles Dodgers,Arizona Diamondbacks,Josh Rojas,0.0,5,Home
09-09-2020,Los Angeles Dodgers,Arizona Diamondbacks,Wyatt Mathisen,0.0,6,Home
09-09-2020,Los Angeles Dodgers,Arizona Diamondbacks,Daulton Varsho,0.0,7,Home
09-09-2020,Los Angeles Dodgers,Arizona Diamondbacks,Carson Kelly,0.0,8,Home
09-09-2020,Los Angeles Dodgers,Arizona Diamondbacks,Jon Jay,0.0,9,Home
10-09-2020,Los Angeles Dodgers,Arizona Diamondbacks,Mookie Betts,0.0,1,Away
10-09-2020,Los Angeles Dodgers,Arizona Diamondbacks,Corey Seager,1.0,2,Away
10-09-2020,Los Angeles Dodgers,Arizona Diamondbacks,AJ Pollock,1.0,3,Away
10-09-2020,Los Angeles Dodgers,Arizona Diamondbacks,Max Muncy,0.0,4,Away
10-09-2020,Los Angeles Dodgers,Arizona Diamondbacks,Chris Taylor,0.0,5,Away
10-09-2020,Los Angeles Dodgers,Arizona Diamondbacks,Cody Bellinger,0.0,6,Away
10-09-2020,Los Angeles Dodgers,Arizona Diamondbacks,Enrique Hernandez,0.0,7,Away
10-09-2020,Los Angeles Dodgers,Arizona Diamondbacks,Will Smith,0.0,8,Away
10-09-2020,Los Angeles Dodgers,Arizona Diamondbacks,Austin Barnes,0.0,9,Away
10-09-2020,Los Angeles Dodgers,Arizona Diamondbacks,Josh Rojas,0.0,1,Home
10-09-2020,Los Angeles Dodgers,Arizona Diamondbacks,Josh VanMeter,0.0,2,Home
10-09-2020,Los Angeles Dodgers,Arizona Diamondbacks,Christian Walker,0.0,3,Home
10-09-2020,Los Angeles Dodgers,Arizona Diamondbacks,Kole Calhoun,0.0,4,Home
10-09-2020,Los Angeles Dodgers,Arizona Diamondbacks,Eduardo Escobar,0.0,5,Home
10-09-2020,Los Angeles Dodgers,Arizona Diamondbacks,David Peralta,0.0,6,Home
10-09-2020,Los Angeles Dodgers,Arizona Diamondbacks,Nick Ahmed,0.0,7,Home
10-09-2020,Los Angeles Dodgers,Arizona Diamondbacks,Daulton Varsho,0.0,8,Home
10-09-2020,Los Angeles Dodgers,Arizona Diamondbacks,Carson Kelly,1.0,9,Home
11-09-2020,Seattle Mariners,Arizona Diamondbacks,Dylan Moore,1.0,1,Away
11-09-2020,Seattle Mariners,Arizona Diamondbacks,Ty France,1.0,2,Away
11-09-2020,Seattle Mariners,Arizona Diamondbacks,Kyle Lewis,0.0,3,Away
11-09-2020,Seattle Mariners,Arizona Diamondbacks,Kyle Seager,0.0,4,Away
11-09-2020,Seattle Mariners,Arizona Diamondbacks,Evan White,0.0,5,Away
11-09-2020,Seattle Mariners,Arizona Diamondbacks,Luis Torrens,0.0,6,Away
11-09-2020,Seattle Mariners,Arizona Diamondbacks,Jose Marmolejos,0.0,7,Away
11-09-2020,Seattle Mariners,Arizona Diamondbacks,Phil Ervin,0.0,8,Away
11-09-2020,Seattle Mariners,Arizona Diamondbacks,Dee Strange-Gordon,0.0,9,Away
11-09-2020,Seattle Mariners,Arizona Diamondbacks,Tim Locastro,0.0,1,Home
11-09-2020,Seattle Mariners,Arizona Diamondbacks,Josh Rojas,0.0,2,Home
11-09-2020,Seattle Mariners,Arizona Diamondbacks,Christian Walker,0.0,3,Home
11-09-2020,Seattle Mariners,Arizona Diamondbacks,Eduardo Escobar,0.0,4,Home
11-09-2020,Seattle Mariners,Arizona Diamondbacks,Kole Calhoun,0.0,5,Home
11-09-2020,Seattle Mariners,Arizona Diamondbacks,Nick Ahmed,0.0,6,Home
11-09-2020,Seattle Mariners,Arizona Diamondbacks,Wyatt Mathisen,0.0,7,Home
11-09-2020,Seattle Mariners,Arizona Diamondbacks,Stephen Vogt,0.0,8,Home
11-09-2020,Seattle Mariners,Arizona Diamondbacks,Carson Kelly,0.0,9,Home
12-09-2020,Seattle Mariners,Arizona Diamondbacks,Dylan Moore,0.0,1,Away
12-09-2020,Seattle Mariners,Arizona Diamondbacks,Ty France,1.0,2,Away
12-09-2020,Seattle Mariners,Arizona Diamondbacks,Kyle Lewis,0.0,3,Away
12-09-2020,Seattle Mariners,Arizona Diamondbacks,Kyle Seager,0.0,4,Away
12-09-2020,Seattle Mariners,Arizona Diamondbacks,Jose Marmolejos,1.0,5,Away
12-09-2020,Seattle Mariners,Arizona Diamondbacks,Evan White,0.0,6,Away
12-09-2020,Seattle Mariners,Arizona Diamondbacks,Luis Torrens,0.0,7,Away
12-09-2020,Seattle Mariners,Arizona Diamondbacks,Donovan Walton,0.0,8,Away
12-09-2020,Seattle Mariners,Arizona Diamondbacks,Phil Ervin,0.0,9,Away
12-09-2020,Seattle Mariners,Arizona Diamondbacks,Tim Locastro,0.0,1,Home
12-09-2020,Seattle Mariners,Arizona Diamondbacks,Nick Ahmed,0.0,2,Home
12-09-2020,Seattle Mariners,Arizona Diamondbacks,Christian Walker,0.0,3,Home
12-09-2020,Seattle Mariners,Arizona Diamondbacks,Eduardo Escobar,0.0,4,Home
12-09-2020,Seattle Mariners,Arizona Diamondbacks,David Peralta,0.0,5,Home
12-09-2020,Seattle Mariners,Arizona Diamondbacks,Wyatt Mathisen,0.0,6,Home
12-09-2020,Seattle Mariners,Arizona Diamondbacks,Josh VanMeter,0.0,7,Home
12-09-2020,Seattle Mariners,Arizona Diamondbacks,Carson Kelly,0.0,8,Home
12-09-2020,Seattle Mariners,Arizona Diamondbacks,Pavin Smith,0.0,9,Home
13-09-2020,Seattle Mariners,Arizona Diamondbacks,Dylan Moore,0.0,1,Away
13-09-2020,Seattle Mariners,Arizona Diamondbacks,Ty France,0.0,2,Away
13-09-2020,Seattle Mariners,Arizona Diamondbacks,Kyle Seager,0.0,3,Away
13-09-2020,Seattle Mariners,Arizona Diamondbacks,Jose Marmolejos,0.0,4,Away
13-09-2020,Seattle Mariners,Arizona Diamondbacks,Evan White,0.0,5,Away
13-09-2020,Seattle Mariners,Arizona Diamondbacks,Phil Ervin,0.0,6,Away
13-09-2020,Seattle Mariners,Arizona Diamondbacks,Dee Strange-Gordon,0.0,7,Away
13-09-2020,Seattle Mariners,Arizona Diamondbacks,Donovan Walton,0.0,8,Away
13-09-2020,Seattle Mariners,Arizona Diamondbacks,Joseph Odom,0.0,9,Away
13-09-2020,Seattle Mariners,Arizona Diamondbacks,Josh Rojas,0.0,1,Home
13-09-2020,Seattle Mariners,Arizona Diamondbacks,Josh VanMeter,0.0,2,Home
13-09-2020,Seattle Mariners,Arizona Diamondbacks,Christian Walker,0.0,3,Home
13-09-2020,Seattle Mariners,Arizona Diamondbacks,Kole Calhoun,0.0,4,Home
13-09-2020,Seattle Mariners,Arizona Diamondbacks,David Peralta,0.0,5,Home
13-09-2020,Seattle Mariners,Arizona Diamondbacks,Jon Jay,0.0,6,Home
13-09-2020,Seattle Mariners,Arizona Diamondbacks,Nick Ahmed,0.0,7,Home
13-09-2020,Seattle Mariners,Arizona Diamondbacks,Daulton Varsho,0.0,8,Home
13-09-2020,Seattle Mariners,Arizona Diamondbacks,Pavin Smith,0.0,9,Home
22-09-2020,Texas Rangers,Arizona Diamondbacks,Leody Taveras,0.0,1,Away
22-09-2020,Texas Rangers,Arizona Diamondbacks,Nick Solak,0.0,2,Away
22-09-2020,Texas Rangers,Arizona Diamondbacks,Isiah Kiner-Falefa,0.0,3,Away
22-09-2020,Texas Rangers,Arizona Diamondbacks,Joey Gallo,0.0,4,Away
22-09-2020,Texas Rangers,Arizona Diamondbacks,Rougned Odor,0.0,5,Away
22-09-2020,Texas Rangers,Arizona Diamondbacks,Anderson Tejeda,0.0,6,Away
22-09-2020,Texas Rangers,Arizona Diamondbacks,Sam Huff,0.0,7,Away
22-09-2020,Texas Rangers,Arizona Diamondbacks,Sherten Apostel,0.0,8,Away
22-09-2020,Texas Rangers,Arizona Diamondbacks,Eli White,0.0,9,Away
22-09-2020,Texas Rangers,Arizona Diamondbacks,Daulton Varsho,0.0,1,Home
22-09-2020,Texas Rangers,Arizona Diamondbacks,Ketel Marte,0.0,2,Home
22-09-2020,Texas Rangers,Arizona Diamondbacks,Christian Walker,0.0,3,Home
22-09-2020,Texas Rangers,Arizona Diamondbacks,Kole Calhoun,0.0,4,Home
22-09-2020,Texas Rangers,Arizona Diamondbacks,Eduardo Escobar,0.0,5,Home
22-09-2020,Texas Rangers,Arizona Diamondbacks,David Peralta,0.0,6,Home
22-09-2020,Texas Rangers,Arizona Diamondbacks,Nick Ahmed,0.0,7,Home
22-09-2020,Texas Rangers,Arizona Diamondbacks,Pavin Smith,0.0,8,Home
22-09-2020,Texas Rangers,Arizona Diamondbacks,Carson Kelly,1.0,9,Home
23-09-2020,Texas Rangers,Arizona Diamondbacks,Leody Taveras,0.0,1,Away
23-09-2020,Texas Rangers,Arizona Diamondbacks,Nick Solak,0.0,2,Away
23-09-2020,Texas Rangers,Arizona Diamondbacks,Isiah Kiner-Falefa,0.0,3,Away
23-09-2020,Texas Rangers,Arizona Diamondbacks,Joey Gallo,0.0,4,Away
23-09-2020,Texas Rangers,Arizona Diamondbacks,Sam Huff,0.0,5,Away
23-09-2020,Texas Rangers,Arizona Diamondbacks,Willie Calhoun,0.0,6,Away
23-09-2020,Texas Rangers,Arizona Diamondbacks,Anderson Tejeda,0.0,7,Away
23-09-2020,Texas Rangers,Arizona Diamondbacks,Sherten Apostel,0.0,8,Away
23-09-2020,Texas Rangers,Arizona Diamondbacks,Eli White,0.0,9,Away
23-09-2020,Texas Rangers,Arizona Diamondbacks,Tim Locastro,1.0,1,Home
23-09-2020,Texas Rangers,Arizona Diamondbacks,Ketel Marte,0.0,2,Home
23-09-2020,Texas Rangers,Arizona Diamondbacks,Christian Walker,0.0,3,Home
23-09-2020,Texas Rangers,Arizona Diamondbacks,Eduardo Escobar,0.0,4,Home
23-09-2020,Texas Rangers,Arizona Diamondbacks,Kole Calhoun,0.0,5,Home
23-09-2020,Texas Rangers,Arizona Diamondbacks,Nick Ahmed,0.0,6,Home
23-09-2020,Texas Rangers,Arizona Diamondbacks,Carson Kelly,0.0,7,Home
23-09-2020,Texas Rangers,Arizona Diamondbacks,Daulton Varsho,0.0,8,Home
23-09-2020,Texas Rangers,Arizona Diamondbacks,Wyatt Mathisen,2.0,9,Home
26-09-2020,Colorado Rockies,Arizona Diamondbacks,Raimel Tapia,0.0,1,Away
26-09-2020,Colorado Rockies,Arizona Diamondbacks,Kevin Pillar,0.0,2,Away
26-09-2020,Colorado Rockies,Arizona Diamondbacks,Charlie Blackmon,0.0,3,Away
26-09-2020,Colorado Rockies,Arizona Diamondbacks,Trevor Story,0.0,4,Away
26-09-2020,Colorado Rockies,Arizona Diamondbacks,Josh Fuentes,0.0,5,Away
26-09-2020,Colorado Rockies,Arizona Diamondbacks,Daniel Murphy,0.0,6,Away
26-09-2020,Colorado Rockies,Arizona Diamondbacks,Elias Diaz,1.0,7,Away
26-09-2020,Colorado Rockies,Arizona Diamondbacks,Ryan McMahon,1.0,8,Away
26-09-2020,Colorado Rockies,Arizona Diamondbacks,Garrett Hampson,0.0,9,Away
26-09-2020,Colorado Rockies,Arizona Diamondbacks,Daulton Varsho,0.0,1,Home
26-09-2020,Colorado Rockies,Arizona Diamondbacks,Ketel Marte,0.0,2,Home
26-09-2020,Colorado Rockies,Arizona Diamondbacks,Christian Walker,0.0,3,Home
26-09-2020,Colorado Rockies,Arizona Diamondbacks,Kole Calhoun,0.0,4,Home
26-09-2020,Colorado Rockies,Arizona Diamondbacks,Eduardo Escobar,0.0,5,Home
26-09-2020,Colorado Rockies,Arizona Diamondbacks,David Peralta,0.0,6,Home
26-09-2020,Colorado Rockies,Arizona Diamondbacks,Pavin Smith,0.0,7,Home
26-09-2020,Colorado Rockies,Arizona Diamondbacks,Josh VanMeter,0.0,8,Home
26-09-2020,Colorado Rockies,Arizona Diamondbacks,Jon Jay,0.0,9,Home
